Dataset {
    Float64 lon[lon = 8640];
    Int16 crs[crs = 1];
    Float64 lat[lat = 4320];
    Grid {
     ARRAY:
        Int16 ws[time = 912][lat = 4320][lon = 8640];
     MAPS:
        Float64 time[time = 912];
        Float64 lat[lat = 4320];
        Float64 lon[lon = 8640];
    } ws;
    Float64 time[time = 912];
} agg_terraclimate_ws_1950_CurrentYear_GLOBE.nc;
---------------------------------------------
lon[8640]
-179.97916666666666, -179.9375, -179.89583333333331, -179.85416666666666, -179.8125, -179.77083333333331, -179.72916666666666, -179.6875, -179.64583333333331, -179.60416666666666, -179.5625, -179.52083333333331, -179.47916666666666, -179.4375, -179.39583333333331, -179.35416666666666, -179.3125, -179.27083333333331, -179.22916666666666, -179.1875, -179.14583333333331, -179.10416666666666, -179.0625, -179.02083333333331, -178.97916666666666, -178.9375, -178.89583333333331, -178.85416666666666, -178.8125, -178.77083333333331, -178.72916666666666, -178.6875, -178.64583333333331, -178.60416666666666, -178.5625, -178.52083333333331, -178.47916666666666, -178.4375, -178.39583333333331, -178.35416666666666, -178.3125, -178.27083333333331, -178.22916666666666, -178.1875, -178.14583333333331, -178.10416666666666, -178.0625, -178.02083333333331, -177.97916666666666, -177.9375, -177.89583333333331, -177.85416666666666, -177.8125, -177.77083333333331, -177.72916666666666, -177.6875, -177.64583333333331, -177.60416666666666, -177.5625, -177.52083333333331, -177.47916666666666, -177.4375, -177.39583333333331, -177.35416666666666, -177.3125, -177.27083333333331, -177.22916666666666, -177.1875, -177.14583333333331, -177.10416666666666, -177.0625, -177.02083333333331, -176.97916666666666, -176.9375, -176.89583333333331, -176.85416666666666, -176.8125, -176.77083333333331, -176.72916666666666, -176.6875, -176.64583333333331, -176.60416666666666, -176.5625, -176.52083333333331, -176.47916666666666, -176.4375, -176.39583333333331, -176.35416666666666, -176.3125, -176.27083333333331, -176.22916666666666, -176.1875, -176.14583333333331, -176.10416666666666, -176.0625, -176.02083333333331, -175.97916666666666, -175.9375, -175.89583333333331, -175.85416666666666, -175.8125, -175.77083333333331, -175.72916666666666, -175.6875, -175.64583333333331, -175.60416666666666, -175.5625, -175.52083333333331, -175.47916666666666, -175.4375, -175.39583333333331, -175.35416666666666, -175.3125, -175.27083333333331, -175.22916666666666, -175.1875, -175.14583333333331, -175.10416666666666, -175.0625, -175.02083333333331, -174.97916666666666, -174.9375, -174.89583333333331, -174.85416666666666, -174.8125, -174.77083333333331, -174.72916666666666, -174.6875, -174.64583333333331, -174.60416666666666, -174.5625, -174.52083333333331, -174.47916666666666, -174.4375, -174.39583333333331, -174.35416666666666, -174.3125, -174.27083333333331, -174.22916666666666, -174.1875, -174.14583333333331, -174.10416666666666, -174.0625, -174.02083333333331, -173.97916666666666, -173.9375, -173.89583333333331, -173.85416666666666, -173.8125, -173.77083333333331, -173.72916666666666, -173.6875, -173.64583333333331, -173.60416666666666, -173.5625, -173.52083333333331, -173.47916666666666, -173.4375, -173.39583333333331, -173.35416666666666, -173.3125, -173.27083333333331, -173.22916666666666, -173.1875, -173.14583333333331, -173.10416666666666, -173.0625, -173.02083333333331, -172.97916666666666, -172.9375, -172.89583333333331, -172.85416666666666, -172.8125, -172.77083333333331, -172.72916666666666, -172.6875, -172.64583333333331, -172.60416666666666, -172.5625, -172.52083333333331, -172.47916666666666, -172.4375, -172.39583333333331, -172.35416666666666, -172.3125, -172.27083333333331, -172.22916666666666, -172.1875, -172.14583333333331, -172.10416666666666, -172.0625, -172.02083333333331, -171.97916666666666, -171.9375, -171.89583333333331, -171.85416666666666, -171.8125, -171.77083333333331, -171.72916666666666, -171.6875, -171.64583333333331, -171.60416666666666, -171.5625, -171.52083333333331, -171.47916666666666, -171.4375, -171.39583333333331, -171.35416666666666, -171.3125, -171.27083333333331, -171.22916666666666, -171.1875, -171.14583333333331, -171.10416666666666, -171.0625, -171.02083333333331, -170.97916666666666, -170.9375, -170.89583333333331, -170.85416666666666, -170.8125, -170.77083333333331, -170.72916666666666, -170.6875, -170.64583333333331, -170.60416666666666, -170.5625, -170.52083333333331, -170.47916666666666, -170.4375, -170.39583333333331, -170.35416666666666, -170.3125, -170.27083333333331, -170.22916666666666, -170.1875, -170.14583333333331, -170.10416666666666, -170.0625, -170.02083333333331, -169.97916666666666, -169.9375, -169.89583333333331, -169.85416666666666, -169.8125, -169.77083333333331, -169.72916666666666, -169.6875, -169.64583333333331, -169.60416666666666, -169.5625, -169.52083333333331, -169.47916666666666, -169.4375, -169.39583333333331, -169.35416666666666, -169.3125, -169.27083333333331, -169.22916666666666, -169.1875, -169.14583333333331, -169.10416666666666, -169.0625, -169.02083333333331, -168.97916666666666, -168.9375, -168.89583333333331, -168.85416666666666, -168.8125, -168.77083333333331, -168.72916666666666, -168.6875, -168.64583333333331, -168.60416666666666, -168.5625, -168.52083333333331, -168.47916666666666, -168.4375, -168.39583333333331, -168.35416666666666, -168.3125, -168.27083333333331, -168.22916666666666, -168.1875, -168.14583333333331, -168.10416666666666, -168.0625, -168.02083333333331, -167.97916666666666, -167.9375, -167.89583333333331, -167.85416666666666, -167.8125, -167.77083333333331, -167.72916666666666, -167.6875, -167.64583333333331, -167.60416666666666, -167.5625, -167.52083333333331, -167.47916666666666, -167.4375, -167.39583333333331, -167.35416666666666, -167.3125, -167.27083333333331, -167.22916666666666, -167.1875, -167.14583333333331, -167.10416666666666, -167.0625, -167.02083333333331, -166.97916666666666, -166.9375, -166.89583333333331, -166.85416666666666, -166.8125, -166.77083333333331, -166.72916666666666, -166.6875, -166.64583333333331, -166.60416666666666, -166.5625, -166.52083333333331, -166.47916666666666, -166.4375, -166.39583333333331, -166.35416666666666, -166.3125, -166.27083333333331, -166.22916666666666, -166.1875, -166.14583333333331, -166.10416666666666, -166.0625, -166.02083333333331, -165.97916666666666, -165.9375, -165.89583333333331, -165.85416666666666, -165.8125, -165.77083333333331, -165.72916666666666, -165.6875, -165.64583333333331, -165.60416666666666, -165.5625, -165.52083333333331, -165.47916666666666, -165.4375, -165.39583333333331, -165.35416666666666, -165.3125, -165.27083333333331, -165.22916666666666, -165.1875, -165.14583333333331, -165.10416666666666, -165.0625, -165.02083333333331, -164.97916666666666, -164.9375, -164.89583333333331, -164.85416666666666, -164.8125, -164.77083333333331, -164.72916666666666, -164.6875, -164.64583333333331, -164.60416666666666, -164.5625, -164.52083333333331, -164.47916666666666, -164.4375, -164.39583333333331, -164.35416666666666, -164.3125, -164.27083333333331, -164.22916666666666, -164.1875, -164.14583333333331, -164.10416666666666, -164.0625, -164.02083333333331, -163.97916666666666, -163.9375, -163.89583333333331, -163.85416666666666, -163.8125, -163.77083333333331, -163.72916666666666, -163.6875, -163.64583333333331, -163.60416666666666, -163.5625, -163.52083333333331, -163.47916666666666, -163.4375, -163.39583333333331, -163.35416666666666, -163.3125, -163.27083333333331, -163.22916666666666, -163.1875, -163.14583333333331, -163.10416666666666, -163.0625, -163.02083333333331, -162.97916666666666, -162.9375, -162.89583333333331, -162.85416666666666, -162.8125, -162.77083333333331, -162.72916666666666, -162.6875, -162.64583333333331, -162.60416666666666, -162.5625, -162.52083333333331, -162.47916666666666, -162.4375, -162.39583333333331, -162.35416666666666, -162.3125, -162.27083333333331, -162.22916666666666, -162.1875, -162.14583333333331, -162.10416666666666, -162.0625, -162.02083333333331, -161.97916666666666, -161.9375, -161.89583333333331, -161.85416666666666, -161.8125, -161.77083333333331, -161.72916666666666, -161.6875, -161.64583333333331, -161.60416666666666, -161.5625, -161.52083333333331, -161.47916666666666, -161.4375, -161.39583333333331, -161.35416666666666, -161.3125, -161.27083333333331, -161.22916666666666, -161.1875, -161.14583333333331, -161.10416666666666, -161.0625, -161.02083333333331, -160.97916666666666, -160.9375, -160.89583333333331, -160.85416666666666, -160.8125, -160.77083333333331, -160.72916666666666, -160.6875, -160.64583333333331, -160.60416666666666, -160.5625, -160.52083333333331, -160.47916666666666, -160.4375, -160.39583333333331, -160.35416666666666, -160.3125, -160.27083333333331, -160.22916666666666, -160.1875, -160.14583333333331, -160.10416666666666, -160.0625, -160.02083333333331, -159.97916666666666, -159.9375, -159.89583333333331, -159.85416666666666, -159.8125, -159.77083333333331, -159.72916666666666, -159.6875, -159.64583333333331, -159.60416666666666, -159.5625, -159.52083333333331, -159.47916666666666, -159.4375, -159.39583333333331, -159.35416666666666, -159.3125, -159.27083333333331, -159.22916666666666, -159.1875, -159.14583333333331, -159.10416666666666, -159.0625, -159.02083333333331, -158.97916666666666, -158.9375, -158.89583333333331, -158.85416666666666, -158.8125, -158.77083333333331, -158.72916666666666, -158.6875, -158.64583333333331, -158.60416666666666, -158.5625, -158.52083333333331, -158.47916666666666, -158.4375, -158.39583333333331, -158.35416666666666, -158.3125, -158.27083333333331, -158.22916666666666, -158.1875, -158.14583333333331, -158.10416666666666, -158.0625, -158.02083333333331, -157.97916666666666, -157.9375, -157.89583333333331, -157.85416666666666, -157.8125, -157.77083333333331, -157.72916666666666, -157.6875, -157.64583333333331, -157.60416666666666, -157.5625, -157.52083333333331, -157.47916666666666, -157.4375, -157.39583333333331, -157.35416666666666, -157.3125, -157.27083333333331, -157.22916666666666, -157.1875, -157.14583333333331, -157.10416666666666, -157.0625, -157.02083333333331, -156.97916666666666, -156.9375, -156.89583333333331, -156.85416666666666, -156.8125, -156.77083333333331, -156.72916666666666, -156.6875, -156.64583333333331, -156.60416666666666, -156.5625, -156.52083333333331, -156.47916666666666, -156.4375, -156.39583333333331, -156.35416666666666, -156.3125, -156.27083333333331, -156.22916666666666, -156.1875, -156.14583333333331, -156.10416666666666, -156.0625, -156.02083333333331, -155.97916666666666, -155.9375, -155.89583333333331, -155.85416666666666, -155.8125, -155.77083333333331, -155.72916666666666, -155.6875, -155.64583333333331, -155.60416666666666, -155.5625, -155.52083333333331, -155.47916666666666, -155.4375, -155.39583333333331, -155.35416666666666, -155.3125, -155.27083333333331, -155.22916666666666, -155.1875, -155.14583333333331, -155.10416666666666, -155.0625, -155.02083333333331, -154.97916666666666, -154.9375, -154.89583333333331, -154.85416666666666, -154.8125, -154.77083333333331, -154.72916666666666, -154.6875, -154.64583333333331, -154.60416666666666, -154.5625, -154.52083333333331, -154.47916666666666, -154.4375, -154.39583333333331, -154.35416666666666, -154.3125, -154.27083333333331, -154.22916666666666, -154.1875, -154.14583333333331, -154.10416666666666, -154.0625, -154.02083333333331, -153.97916666666666, -153.9375, -153.89583333333331, -153.85416666666666, -153.8125, -153.77083333333331, -153.72916666666666, -153.6875, -153.64583333333331, -153.60416666666666, -153.5625, -153.52083333333331, -153.47916666666666, -153.4375, -153.39583333333331, -153.35416666666666, -153.3125, -153.27083333333331, -153.22916666666666, -153.1875, -153.14583333333331, -153.10416666666666, -153.0625, -153.02083333333331, -152.97916666666666, -152.9375, -152.89583333333331, -152.85416666666666, -152.8125, -152.77083333333331, -152.72916666666666, -152.6875, -152.64583333333331, -152.60416666666666, -152.5625, -152.52083333333331, -152.47916666666666, -152.4375, -152.39583333333331, -152.35416666666666, -152.3125, -152.27083333333331, -152.22916666666666, -152.1875, -152.14583333333331, -152.10416666666666, -152.0625, -152.02083333333331, -151.97916666666666, -151.9375, -151.89583333333331, -151.85416666666666, -151.8125, -151.77083333333331, -151.72916666666666, -151.6875, -151.64583333333331, -151.60416666666666, -151.5625, -151.52083333333331, -151.47916666666666, -151.4375, -151.39583333333331, -151.35416666666666, -151.3125, -151.27083333333331, -151.22916666666666, -151.1875, -151.14583333333331, -151.10416666666666, -151.0625, -151.02083333333331, -150.97916666666666, -150.9375, -150.89583333333331, -150.85416666666666, -150.8125, -150.77083333333331, -150.72916666666666, -150.6875, -150.64583333333331, -150.60416666666666, -150.5625, -150.52083333333331, -150.47916666666666, -150.4375, -150.39583333333331, -150.35416666666666, -150.3125, -150.27083333333331, -150.22916666666666, -150.1875, -150.14583333333331, -150.10416666666666, -150.0625, -150.02083333333331, -149.97916666666666, -149.9375, -149.89583333333331, -149.85416666666666, -149.8125, -149.77083333333331, -149.72916666666666, -149.6875, -149.64583333333331, -149.60416666666666, -149.5625, -149.52083333333331, -149.47916666666666, -149.4375, -149.39583333333331, -149.35416666666666, -149.3125, -149.27083333333331, -149.22916666666666, -149.1875, -149.14583333333331, -149.10416666666666, -149.0625, -149.02083333333331, -148.97916666666666, -148.9375, -148.89583333333331, -148.85416666666666, -148.8125, -148.77083333333331, -148.72916666666666, -148.6875, -148.64583333333331, -148.60416666666666, -148.5625, -148.52083333333331, -148.47916666666666, -148.4375, -148.39583333333331, -148.35416666666666, -148.3125, -148.27083333333331, -148.22916666666666, -148.1875, -148.14583333333331, -148.10416666666666, -148.0625, -148.02083333333331, -147.97916666666666, -147.9375, -147.89583333333331, -147.85416666666666, -147.8125, -147.77083333333331, -147.72916666666666, -147.6875, -147.64583333333331, -147.60416666666666, -147.5625, -147.52083333333331, -147.47916666666666, -147.4375, -147.39583333333331, -147.35416666666666, -147.3125, -147.27083333333331, -147.22916666666666, -147.1875, -147.14583333333331, -147.10416666666666, -147.0625, -147.02083333333331, -146.97916666666666, -146.9375, -146.89583333333331, -146.85416666666666, -146.8125, -146.77083333333331, -146.72916666666666, -146.6875, -146.64583333333331, -146.60416666666666, -146.5625, -146.52083333333331, -146.47916666666666, -146.4375, -146.39583333333331, -146.35416666666666, -146.3125, -146.27083333333331, -146.22916666666666, -146.1875, -146.14583333333331, -146.10416666666666, -146.0625, -146.02083333333331, -145.97916666666666, -145.9375, -145.89583333333331, -145.85416666666666, -145.8125, -145.77083333333331, -145.72916666666666, -145.6875, -145.64583333333331, -145.60416666666666, -145.5625, -145.52083333333331, -145.47916666666666, -145.4375, -145.39583333333331, -145.35416666666666, -145.3125, -145.27083333333331, -145.22916666666666, -145.1875, -145.14583333333331, -145.10416666666666, -145.0625, -145.02083333333331, -144.97916666666666, -144.9375, -144.89583333333331, -144.85416666666666, -144.8125, -144.77083333333331, -144.72916666666666, -144.6875, -144.64583333333331, -144.60416666666666, -144.5625, -144.52083333333331, -144.47916666666666, -144.4375, -144.39583333333331, -144.35416666666666, -144.3125, -144.27083333333331, -144.22916666666666, -144.1875, -144.14583333333331, -144.10416666666666, -144.0625, -144.02083333333331, -143.97916666666666, -143.9375, -143.89583333333331, -143.85416666666666, -143.8125, -143.77083333333331, -143.72916666666666, -143.6875, -143.64583333333331, -143.60416666666666, -143.5625, -143.52083333333331, -143.47916666666666, -143.4375, -143.39583333333331, -143.35416666666666, -143.3125, -143.27083333333331, -143.22916666666666, -143.1875, -143.14583333333331, -143.10416666666666, -143.0625, -143.02083333333331, -142.97916666666666, -142.9375, -142.89583333333331, -142.85416666666666, -142.8125, -142.77083333333331, -142.72916666666666, -142.6875, -142.64583333333331, -142.60416666666666, -142.5625, -142.52083333333331, -142.47916666666666, -142.4375, -142.39583333333331, -142.35416666666666, -142.3125, -142.27083333333331, -142.22916666666666, -142.1875, -142.14583333333331, -142.10416666666666, -142.0625, -142.02083333333331, -141.97916666666666, -141.9375, -141.89583333333331, -141.85416666666666, -141.8125, -141.77083333333331, -141.72916666666666, -141.6875, -141.64583333333331, -141.60416666666666, -141.5625, -141.52083333333331, -141.47916666666666, -141.4375, -141.39583333333331, -141.35416666666666, -141.3125, -141.27083333333331, -141.22916666666666, -141.1875, -141.14583333333331, -141.10416666666666, -141.0625, -141.02083333333331, -140.97916666666666, -140.9375, -140.89583333333331, -140.85416666666666, -140.8125, -140.77083333333331, -140.72916666666666, -140.6875, -140.64583333333331, -140.60416666666666, -140.5625, -140.52083333333331, -140.47916666666666, -140.4375, -140.39583333333331, -140.35416666666666, -140.3125, -140.27083333333331, -140.22916666666666, -140.1875, -140.14583333333331, -140.10416666666666, -140.0625, -140.02083333333331, -139.97916666666666, -139.9375, -139.89583333333331, -139.85416666666666, -139.8125, -139.77083333333331, -139.72916666666666, -139.6875, -139.64583333333331, -139.60416666666666, -139.5625, -139.52083333333331, -139.47916666666666, -139.4375, -139.39583333333331, -139.35416666666666, -139.3125, -139.27083333333331, -139.22916666666666, -139.1875, -139.14583333333331, -139.10416666666666, -139.0625, -139.02083333333331, -138.97916666666666, -138.9375, -138.89583333333331, -138.85416666666666, -138.8125, -138.77083333333331, -138.72916666666666, -138.6875, -138.64583333333331, -138.60416666666666, -138.5625, -138.52083333333331, -138.47916666666666, -138.4375, -138.39583333333331, -138.35416666666666, -138.3125, -138.27083333333331, -138.22916666666666, -138.1875, -138.14583333333331, -138.10416666666666, -138.0625, -138.02083333333331, -137.97916666666666, -137.9375, -137.89583333333331, -137.85416666666666, -137.8125, -137.77083333333331, -137.72916666666666, -137.6875, -137.64583333333331, -137.60416666666666, -137.5625, -137.52083333333331, -137.47916666666666, -137.4375, -137.39583333333331, -137.35416666666666, -137.3125, -137.27083333333331, -137.22916666666666, -137.1875, -137.14583333333331, -137.10416666666666, -137.0625, -137.02083333333331, -136.97916666666666, -136.9375, -136.89583333333331, -136.85416666666666, -136.8125, -136.77083333333331, -136.72916666666666, -136.6875, -136.64583333333331, -136.60416666666666, -136.5625, -136.52083333333331, -136.47916666666666, -136.4375, -136.39583333333331, -136.35416666666666, -136.3125, -136.27083333333331, -136.22916666666666, -136.1875, -136.14583333333331, -136.10416666666666, -136.0625, -136.02083333333331, -135.97916666666666, -135.9375, -135.89583333333331, -135.85416666666666, -135.8125, -135.77083333333331, -135.72916666666666, -135.6875, -135.64583333333331, -135.60416666666666, -135.5625, -135.52083333333331, -135.47916666666666, -135.4375, -135.39583333333331, -135.35416666666666, -135.3125, -135.27083333333331, -135.22916666666666, -135.1875, -135.14583333333331, -135.10416666666666, -135.0625, -135.02083333333331, -134.97916666666666, -134.9375, -134.89583333333331, -134.85416666666666, -134.8125, -134.77083333333331, -134.72916666666666, -134.6875, -134.64583333333331, -134.60416666666666, -134.5625, -134.52083333333331, -134.47916666666666, -134.4375, -134.39583333333331, -134.35416666666666, -134.3125, -134.27083333333331, -134.22916666666666, -134.1875, -134.14583333333331, -134.10416666666666, -134.0625, -134.02083333333331, -133.97916666666666, -133.9375, -133.89583333333331, -133.85416666666666, -133.8125, -133.77083333333331, -133.72916666666666, -133.6875, -133.64583333333331, -133.60416666666666, -133.5625, -133.52083333333331, -133.47916666666666, -133.4375, -133.39583333333331, -133.35416666666666, -133.3125, -133.27083333333331, -133.22916666666666, -133.1875, -133.14583333333331, -133.10416666666666, -133.0625, -133.02083333333331, -132.97916666666666, -132.9375, -132.89583333333331, -132.85416666666666, -132.8125, -132.77083333333331, -132.72916666666666, -132.6875, -132.64583333333331, -132.60416666666666, -132.5625, -132.52083333333331, -132.47916666666666, -132.4375, -132.39583333333331, -132.35416666666666, -132.3125, -132.27083333333331, -132.22916666666666, -132.1875, -132.14583333333331, -132.10416666666666, -132.0625, -132.02083333333331, -131.97916666666666, -131.9375, -131.89583333333331, -131.85416666666666, -131.8125, -131.77083333333331, -131.72916666666666, -131.6875, -131.64583333333331, -131.60416666666666, -131.5625, -131.52083333333331, -131.47916666666666, -131.4375, -131.39583333333331, -131.35416666666666, -131.3125, -131.27083333333331, -131.22916666666666, -131.1875, -131.14583333333331, -131.10416666666666, -131.0625, -131.02083333333331, -130.97916666666666, -130.9375, -130.89583333333331, -130.85416666666666, -130.8125, -130.77083333333331, -130.72916666666666, -130.6875, -130.64583333333331, -130.60416666666666, -130.5625, -130.52083333333331, -130.47916666666666, -130.4375, -130.39583333333331, -130.35416666666666, -130.3125, -130.27083333333331, -130.22916666666666, -130.1875, -130.14583333333331, -130.10416666666666, -130.0625, -130.02083333333331, -129.97916666666666, -129.9375, -129.89583333333331, -129.85416666666666, -129.8125, -129.77083333333331, -129.72916666666666, -129.6875, -129.64583333333331, -129.60416666666666, -129.5625, -129.52083333333331, -129.47916666666666, -129.4375, -129.39583333333331, -129.35416666666666, -129.3125, -129.27083333333331, -129.22916666666666, -129.1875, -129.14583333333331, -129.10416666666666, -129.0625, -129.02083333333331, -128.97916666666666, -128.9375, -128.89583333333331, -128.85416666666666, -128.8125, -128.77083333333331, -128.72916666666666, -128.6875, -128.64583333333331, -128.60416666666666, -128.5625, -128.52083333333331, -128.47916666666666, -128.4375, -128.39583333333331, -128.35416666666666, -128.3125, -128.27083333333331, -128.22916666666666, -128.1875, -128.14583333333331, -128.10416666666666, -128.0625, -128.02083333333331, -127.97916666666666, -127.9375, -127.89583333333333, -127.85416666666666, -127.8125, -127.77083333333333, -127.72916666666666, -127.6875, -127.64583333333333, -127.60416666666666, -127.5625, -127.52083333333333, -127.47916666666666, -127.4375, -127.39583333333333, -127.35416666666666, -127.3125, -127.27083333333333, -127.22916666666666, -127.1875, -127.14583333333333, -127.10416666666666, -127.0625, -127.02083333333333, -126.97916666666666, -126.9375, -126.89583333333333, -126.85416666666666, -126.8125, -126.77083333333333, -126.72916666666666, -126.6875, -126.64583333333333, -126.60416666666666, -126.5625, -126.52083333333333, -126.47916666666666, -126.4375, -126.39583333333333, -126.35416666666666, -126.3125, -126.27083333333333, -126.22916666666666, -126.1875, -126.14583333333333, -126.10416666666666, -126.0625, -126.02083333333333, -125.97916666666666, -125.9375, -125.89583333333333, -125.85416666666666, -125.8125, -125.77083333333333, -125.72916666666666, -125.6875, -125.64583333333333, -125.60416666666666, -125.5625, -125.52083333333333, -125.47916666666666, -125.4375, -125.39583333333333, -125.35416666666666, -125.3125, -125.27083333333333, -125.22916666666666, -125.1875, -125.14583333333333, -125.10416666666666, -125.0625, -125.02083333333333, -124.97916666666666, -124.9375, -124.89583333333333, -124.85416666666666, -124.8125, -124.77083333333333, -124.72916666666666, -124.6875, -124.64583333333333, -124.60416666666666, -124.5625, -124.52083333333333, -124.47916666666666, -124.4375, -124.39583333333333, -124.35416666666666, -124.3125, -124.27083333333333, -124.22916666666666, -124.1875, -124.14583333333333, -124.10416666666666, -124.0625, -124.02083333333333, -123.97916666666666, -123.9375, -123.89583333333333, -123.85416666666666, -123.8125, -123.77083333333333, -123.72916666666666, -123.6875, -123.64583333333333, -123.60416666666666, -123.5625, -123.52083333333333, -123.47916666666666, -123.4375, -123.39583333333333, -123.35416666666666, -123.3125, -123.27083333333333, -123.22916666666666, -123.1875, -123.14583333333333, -123.10416666666666, -123.0625, -123.02083333333333, -122.97916666666666, -122.9375, -122.89583333333333, -122.85416666666666, -122.8125, -122.77083333333333, -122.72916666666666, -122.6875, -122.64583333333333, -122.60416666666666, -122.5625, -122.52083333333333, -122.47916666666666, -122.4375, -122.39583333333333, -122.35416666666666, -122.3125, -122.27083333333333, -122.22916666666666, -122.1875, -122.14583333333333, -122.10416666666666, -122.0625, -122.02083333333333, -121.97916666666666, -121.9375, -121.89583333333333, -121.85416666666666, -121.8125, -121.77083333333333, -121.72916666666666, -121.6875, -121.64583333333333, -121.60416666666666, -121.5625, -121.52083333333333, -121.47916666666666, -121.4375, -121.39583333333333, -121.35416666666666, -121.3125, -121.27083333333333, -121.22916666666666, -121.1875, -121.14583333333333, -121.10416666666666, -121.0625, -121.02083333333333, -120.97916666666666, -120.9375, -120.89583333333333, -120.85416666666666, -120.8125, -120.77083333333333, -120.72916666666666, -120.6875, -120.64583333333333, -120.60416666666666, -120.5625, -120.52083333333333, -120.47916666666666, -120.4375, -120.39583333333333, -120.35416666666666, -120.3125, -120.27083333333333, -120.22916666666666, -120.1875, -120.14583333333333, -120.10416666666666, -120.0625, -120.02083333333333, -119.97916666666666, -119.9375, -119.89583333333333, -119.85416666666666, -119.8125, -119.77083333333333, -119.72916666666666, -119.6875, -119.64583333333333, -119.60416666666666, -119.5625, -119.52083333333333, -119.47916666666666, -119.4375, -119.39583333333333, -119.35416666666666, -119.3125, -119.27083333333333, -119.22916666666666, -119.1875, -119.14583333333333, -119.10416666666666, -119.0625, -119.02083333333333, -118.97916666666666, -118.9375, -118.89583333333333, -118.85416666666666, -118.8125, -118.77083333333333, -118.72916666666666, -118.6875, -118.64583333333333, -118.60416666666666, -118.5625, -118.52083333333333, -118.47916666666666, -118.4375, -118.39583333333333, -118.35416666666666, -118.3125, -118.27083333333333, -118.22916666666666, -118.1875, -118.14583333333333, -118.10416666666666, -118.0625, -118.02083333333333, -117.97916666666666, -117.9375, -117.89583333333333, -117.85416666666666, -117.8125, -117.77083333333333, -117.72916666666666, -117.6875, -117.64583333333333, -117.60416666666666, -117.5625, -117.52083333333333, -117.47916666666666, -117.4375, -117.39583333333333, -117.35416666666666, -117.3125, -117.27083333333333, -117.22916666666666, -117.1875, -117.14583333333333, -117.10416666666666, -117.0625, -117.02083333333333, -116.97916666666666, -116.9375, -116.89583333333333, -116.85416666666666, -116.8125, -116.77083333333333, -116.72916666666666, -116.6875, -116.64583333333333, -116.60416666666666, -116.5625, -116.52083333333333, -116.47916666666666, -116.4375, -116.39583333333333, -116.35416666666666, -116.3125, -116.27083333333333, -116.22916666666666, -116.1875, -116.14583333333333, -116.10416666666666, -116.0625, -116.02083333333333, -115.97916666666666, -115.9375, -115.89583333333333, -115.85416666666666, -115.8125, -115.77083333333333, -115.72916666666666, -115.6875, -115.64583333333333, -115.60416666666666, -115.5625, -115.52083333333333, -115.47916666666666, -115.4375, -115.39583333333333, -115.35416666666666, -115.3125, -115.27083333333333, -115.22916666666666, -115.1875, -115.14583333333333, -115.10416666666666, -115.0625, -115.02083333333333, -114.97916666666666, -114.9375, -114.89583333333333, -114.85416666666666, -114.8125, -114.77083333333333, -114.72916666666666, -114.6875, -114.64583333333333, -114.60416666666666, -114.5625, -114.52083333333333, -114.47916666666666, -114.4375, -114.39583333333333, -114.35416666666666, -114.3125, -114.27083333333333, -114.22916666666666, -114.1875, -114.14583333333333, -114.10416666666666, -114.0625, -114.02083333333333, -113.97916666666666, -113.9375, -113.89583333333333, -113.85416666666666, -113.8125, -113.77083333333333, -113.72916666666666, -113.6875, -113.64583333333333, -113.60416666666666, -113.5625, -113.52083333333333, -113.47916666666666, -113.4375, -113.39583333333333, -113.35416666666666, -113.3125, -113.27083333333333, -113.22916666666666, -113.1875, -113.14583333333333, -113.10416666666666, -113.0625, -113.02083333333333, -112.97916666666666, -112.9375, -112.89583333333333, -112.85416666666666, -112.8125, -112.77083333333333, -112.72916666666666, -112.6875, -112.64583333333333, -112.60416666666666, -112.5625, -112.52083333333333, -112.47916666666666, -112.4375, -112.39583333333333, -112.35416666666666, -112.3125, -112.27083333333333, -112.22916666666666, -112.1875, -112.14583333333333, -112.10416666666666, -112.0625, -112.02083333333333, -111.97916666666666, -111.9375, -111.89583333333333, -111.85416666666666, -111.8125, -111.77083333333333, -111.72916666666666, -111.6875, -111.64583333333333, -111.60416666666666, -111.5625, -111.52083333333333, -111.47916666666666, -111.4375, -111.39583333333333, -111.35416666666666, -111.3125, -111.27083333333333, -111.22916666666666, -111.1875, -111.14583333333333, -111.10416666666666, -111.0625, -111.02083333333333, -110.97916666666666, -110.9375, -110.89583333333333, -110.85416666666666, -110.8125, -110.77083333333333, -110.72916666666666, -110.6875, -110.64583333333333, -110.60416666666666, -110.5625, -110.52083333333333, -110.47916666666666, -110.4375, -110.39583333333333, -110.35416666666666, -110.3125, -110.27083333333333, -110.22916666666666, -110.1875, -110.14583333333333, -110.10416666666666, -110.0625, -110.02083333333333, -109.97916666666666, -109.9375, -109.89583333333333, -109.85416666666666, -109.8125, -109.77083333333333, -109.72916666666666, -109.6875, -109.64583333333333, -109.60416666666666, -109.5625, -109.52083333333333, -109.47916666666666, -109.4375, -109.39583333333333, -109.35416666666666, -109.3125, -109.27083333333333, -109.22916666666666, -109.1875, -109.14583333333333, -109.10416666666666, -109.0625, -109.02083333333333, -108.97916666666666, -108.9375, -108.89583333333333, -108.85416666666666, -108.8125, -108.77083333333333, -108.72916666666666, -108.6875, -108.64583333333333, -108.60416666666666, -108.5625, -108.52083333333333, -108.47916666666666, -108.4375, -108.39583333333333, -108.35416666666666, -108.3125, -108.27083333333333, -108.22916666666666, -108.1875, -108.14583333333333, -108.10416666666666, -108.0625, -108.02083333333333, -107.97916666666666, -107.9375, -107.89583333333333, -107.85416666666666, -107.8125, -107.77083333333333, -107.72916666666666, -107.6875, -107.64583333333333, -107.60416666666666, -107.5625, -107.52083333333333, -107.47916666666666, -107.4375, -107.39583333333333, -107.35416666666666, -107.3125, -107.27083333333333, -107.22916666666666, -107.1875, -107.14583333333333, -107.10416666666666, -107.0625, -107.02083333333333, -106.97916666666666, -106.9375, -106.89583333333333, -106.85416666666666, -106.8125, -106.77083333333333, -106.72916666666666, -106.6875, -106.64583333333333, -106.60416666666666, -106.5625, -106.52083333333333, -106.47916666666666, -106.4375, -106.39583333333333, -106.35416666666666, -106.3125, -106.27083333333333, -106.22916666666666, -106.1875, -106.14583333333333, -106.10416666666666, -106.0625, -106.02083333333333, -105.97916666666666, -105.9375, -105.89583333333333, -105.85416666666666, -105.8125, -105.77083333333333, -105.72916666666666, -105.6875, -105.64583333333333, -105.60416666666666, -105.5625, -105.52083333333333, -105.47916666666666, -105.4375, -105.39583333333333, -105.35416666666666, -105.3125, -105.27083333333333, -105.22916666666666, -105.1875, -105.14583333333333, -105.10416666666666, -105.0625, -105.02083333333333, -104.97916666666666, -104.9375, -104.89583333333333, -104.85416666666666, -104.8125, -104.77083333333333, -104.72916666666666, -104.6875, -104.64583333333333, -104.60416666666666, -104.5625, -104.52083333333333, -104.47916666666666, -104.4375, -104.39583333333333, -104.35416666666666, -104.3125, -104.27083333333333, -104.22916666666666, -104.1875, -104.14583333333333, -104.10416666666666, -104.0625, -104.02083333333333, -103.97916666666666, -103.9375, -103.89583333333333, -103.85416666666666, -103.8125, -103.77083333333333, -103.72916666666666, -103.6875, -103.64583333333333, -103.60416666666666, -103.5625, -103.52083333333333, -103.47916666666666, -103.4375, -103.39583333333333, -103.35416666666666, -103.3125, -103.27083333333333, -103.22916666666666, -103.1875, -103.14583333333333, -103.10416666666666, -103.0625, -103.02083333333333, -102.97916666666666, -102.9375, -102.89583333333333, -102.85416666666666, -102.8125, -102.77083333333333, -102.72916666666666, -102.6875, -102.64583333333333, -102.60416666666666, -102.5625, -102.52083333333333, -102.47916666666666, -102.4375, -102.39583333333333, -102.35416666666666, -102.3125, -102.27083333333333, -102.22916666666666, -102.1875, -102.14583333333333, -102.10416666666666, -102.0625, -102.02083333333333, -101.97916666666666, -101.9375, -101.89583333333333, -101.85416666666666, -101.8125, -101.77083333333333, -101.72916666666666, -101.6875, -101.64583333333333, -101.60416666666666, -101.5625, -101.52083333333333, -101.47916666666666, -101.4375, -101.39583333333333, -101.35416666666666, -101.3125, -101.27083333333333, -101.22916666666666, -101.1875, -101.14583333333333, -101.10416666666666, -101.0625, -101.02083333333333, -100.97916666666666, -100.9375, -100.89583333333333, -100.85416666666666, -100.8125, -100.77083333333333, -100.72916666666666, -100.6875, -100.64583333333333, -100.60416666666666, -100.5625, -100.52083333333333, -100.47916666666666, -100.4375, -100.39583333333333, -100.35416666666666, -100.3125, -100.27083333333333, -100.22916666666666, -100.1875, -100.14583333333333, -100.10416666666666, -100.0625, -100.02083333333333, -99.97916666666666, -99.9375, -99.89583333333333, -99.85416666666666, -99.8125, -99.77083333333333, -99.72916666666666, -99.6875, -99.64583333333333, -99.60416666666666, -99.5625, -99.52083333333333, -99.47916666666666, -99.4375, -99.39583333333333, -99.35416666666666, -99.3125, -99.27083333333333, -99.22916666666666, -99.1875, -99.14583333333333, -99.10416666666666, -99.0625, -99.02083333333333, -98.97916666666666, -98.9375, -98.89583333333333, -98.85416666666666, -98.8125, -98.77083333333333, -98.72916666666666, -98.6875, -98.64583333333333, -98.60416666666666, -98.5625, -98.52083333333333, -98.47916666666666, -98.4375, -98.39583333333333, -98.35416666666666, -98.3125, -98.27083333333333, -98.22916666666666, -98.1875, -98.14583333333333, -98.10416666666666, -98.0625, -98.02083333333333, -97.97916666666666, -97.9375, -97.89583333333333, -97.85416666666666, -97.8125, -97.77083333333333, -97.72916666666666, -97.6875, -97.64583333333333, -97.60416666666666, -97.5625, -97.52083333333333, -97.47916666666666, -97.4375, -97.39583333333333, -97.35416666666666, -97.3125, -97.27083333333333, -97.22916666666666, -97.1875, -97.14583333333333, -97.10416666666666, -97.0625, -97.02083333333333, -96.97916666666666, -96.9375, -96.89583333333333, -96.85416666666666, -96.8125, -96.77083333333333, -96.72916666666666, -96.6875, -96.64583333333333, -96.60416666666666, -96.5625, -96.52083333333333, -96.47916666666666, -96.4375, -96.39583333333333, -96.35416666666666, -96.3125, -96.27083333333333, -96.22916666666666, -96.1875, -96.14583333333333, -96.10416666666666, -96.0625, -96.02083333333333, -95.97916666666666, -95.9375, -95.89583333333333, -95.85416666666666, -95.8125, -95.77083333333333, -95.72916666666666, -95.6875, -95.64583333333333, -95.60416666666666, -95.5625, -95.52083333333333, -95.47916666666666, -95.4375, -95.39583333333333, -95.35416666666666, -95.3125, -95.27083333333333, -95.22916666666666, -95.1875, -95.14583333333333, -95.10416666666666, -95.0625, -95.02083333333333, -94.97916666666666, -94.9375, -94.89583333333333, -94.85416666666666, -94.8125, -94.77083333333333, -94.72916666666666, -94.6875, -94.64583333333333, -94.60416666666666, -94.5625, -94.52083333333333, -94.47916666666666, -94.4375, -94.39583333333333, -94.35416666666666, -94.3125, -94.27083333333333, -94.22916666666666, -94.1875, -94.14583333333333, -94.10416666666666, -94.0625, -94.02083333333333, -93.97916666666666, -93.9375, -93.89583333333333, -93.85416666666666, -93.8125, -93.77083333333333, -93.72916666666666, -93.6875, -93.64583333333333, -93.60416666666666, -93.5625, -93.52083333333333, -93.47916666666666, -93.4375, -93.39583333333333, -93.35416666666666, -93.3125, -93.27083333333333, -93.22916666666666, -93.1875, -93.14583333333333, -93.10416666666666, -93.0625, -93.02083333333333, -92.97916666666666, -92.9375, -92.89583333333333, -92.85416666666666, -92.8125, -92.77083333333333, -92.72916666666666, -92.6875, -92.64583333333333, -92.60416666666666, -92.5625, -92.52083333333333, -92.47916666666666, -92.4375, -92.39583333333333, -92.35416666666666, -92.3125, -92.27083333333333, -92.22916666666666, -92.1875, -92.14583333333333, -92.10416666666666, -92.0625, -92.02083333333333, -91.97916666666666, -91.9375, -91.89583333333333, -91.85416666666666, -91.8125, -91.77083333333333, -91.72916666666666, -91.6875, -91.64583333333333, -91.60416666666666, -91.5625, -91.52083333333333, -91.47916666666666, -91.4375, -91.39583333333333, -91.35416666666666, -91.3125, -91.27083333333333, -91.22916666666666, -91.1875, -91.14583333333333, -91.10416666666666, -91.0625, -91.02083333333333, -90.97916666666666, -90.9375, -90.89583333333333, -90.85416666666666, -90.8125, -90.77083333333333, -90.72916666666666, -90.6875, -90.64583333333333, -90.60416666666666, -90.5625, -90.52083333333333, -90.47916666666666, -90.4375, -90.39583333333333, -90.35416666666666, -90.3125, -90.27083333333333, -90.22916666666666, -90.1875, -90.14583333333333, -90.10416666666666, -90.0625, -90.02083333333333, -89.97916666666666, -89.9375, -89.89583333333333, -89.85416666666666, -89.8125, -89.77083333333333, -89.72916666666666, -89.6875, -89.64583333333333, -89.60416666666666, -89.5625, -89.52083333333333, -89.47916666666666, -89.4375, -89.39583333333333, -89.35416666666666, -89.3125, -89.27083333333333, -89.22916666666666, -89.1875, -89.14583333333333, -89.10416666666666, -89.0625, -89.02083333333333, -88.97916666666666, -88.9375, -88.89583333333333, -88.85416666666666, -88.8125, -88.77083333333333, -88.72916666666666, -88.6875, -88.64583333333333, -88.60416666666666, -88.5625, -88.52083333333333, -88.47916666666666, -88.4375, -88.39583333333333, -88.35416666666666, -88.3125, -88.27083333333333, -88.22916666666666, -88.1875, -88.14583333333333, -88.10416666666666, -88.0625, -88.02083333333333, -87.97916666666666, -87.9375, -87.89583333333333, -87.85416666666666, -87.8125, -87.77083333333333, -87.72916666666666, -87.6875, -87.64583333333333, -87.60416666666666, -87.5625, -87.52083333333333, -87.47916666666666, -87.4375, -87.39583333333333, -87.35416666666666, -87.3125, -87.27083333333333, -87.22916666666666, -87.1875, -87.14583333333333, -87.10416666666666, -87.0625, -87.02083333333333, -86.97916666666666, -86.9375, -86.89583333333333, -86.85416666666666, -86.8125, -86.77083333333333, -86.72916666666666, -86.6875, -86.64583333333333, -86.60416666666666, -86.5625, -86.52083333333333, -86.47916666666666, -86.4375, -86.39583333333333, -86.35416666666666, -86.3125, -86.27083333333333, -86.22916666666666, -86.1875, -86.14583333333333, -86.10416666666666, -86.0625, -86.02083333333333, -85.97916666666666, -85.9375, -85.89583333333333, -85.85416666666666, -85.8125, -85.77083333333333, -85.72916666666666, -85.6875, -85.64583333333333, -85.60416666666666, -85.5625, -85.52083333333333, -85.47916666666666, -85.4375, -85.39583333333333, -85.35416666666666, -85.3125, -85.27083333333333, -85.22916666666666, -85.1875, -85.14583333333333, -85.10416666666666, -85.0625, -85.02083333333333, -84.97916666666666, -84.9375, -84.89583333333333, -84.85416666666666, -84.8125, -84.77083333333333, -84.72916666666666, -84.6875, -84.64583333333333, -84.60416666666666, -84.5625, -84.52083333333333, -84.47916666666666, -84.4375, -84.39583333333333, -84.35416666666666, -84.3125, -84.27083333333333, -84.22916666666666, -84.1875, -84.14583333333333, -84.10416666666666, -84.0625, -84.02083333333333, -83.97916666666666, -83.9375, -83.89583333333333, -83.85416666666666, -83.8125, -83.77083333333333, -83.72916666666666, -83.6875, -83.64583333333333, -83.60416666666666, -83.5625, -83.52083333333333, -83.47916666666666, -83.4375, -83.39583333333333, -83.35416666666666, -83.3125, -83.27083333333333, -83.22916666666666, -83.1875, -83.14583333333333, -83.10416666666666, -83.0625, -83.02083333333333, -82.97916666666666, -82.9375, -82.89583333333333, -82.85416666666666, -82.8125, -82.77083333333333, -82.72916666666666, -82.6875, -82.64583333333333, -82.60416666666666, -82.5625, -82.52083333333333, -82.47916666666666, -82.4375, -82.39583333333333, -82.35416666666666, -82.3125, -82.27083333333333, -82.22916666666666, -82.1875, -82.14583333333333, -82.10416666666666, -82.0625, -82.02083333333333, -81.97916666666666, -81.9375, -81.89583333333333, -81.85416666666666, -81.8125, -81.77083333333333, -81.72916666666666, -81.6875, -81.64583333333333, -81.60416666666666, -81.5625, -81.52083333333333, -81.47916666666666, -81.4375, -81.39583333333333, -81.35416666666666, -81.3125, -81.27083333333333, -81.22916666666666, -81.1875, -81.14583333333333, -81.10416666666666, -81.0625, -81.02083333333333, -80.97916666666666, -80.9375, -80.89583333333333, -80.85416666666666, -80.8125, -80.77083333333333, -80.72916666666666, -80.6875, -80.64583333333333, -80.60416666666666, -80.5625, -80.52083333333333, -80.47916666666666, -80.4375, -80.39583333333333, -80.35416666666666, -80.3125, -80.27083333333333, -80.22916666666666, -80.1875, -80.14583333333333, -80.10416666666666, -80.0625, -80.02083333333333, -79.97916666666666, -79.9375, -79.89583333333333, -79.85416666666666, -79.8125, -79.77083333333333, -79.72916666666666, -79.6875, -79.64583333333333, -79.60416666666666, -79.5625, -79.52083333333333, -79.47916666666666, -79.4375, -79.39583333333333, -79.35416666666666, -79.3125, -79.27083333333333, -79.22916666666666, -79.1875, -79.14583333333333, -79.10416666666666, -79.0625, -79.02083333333333, -78.97916666666666, -78.9375, -78.89583333333333, -78.85416666666666, -78.8125, -78.77083333333333, -78.72916666666666, -78.6875, -78.64583333333333, -78.60416666666666, -78.5625, -78.52083333333333, -78.47916666666666, -78.4375, -78.39583333333333, -78.35416666666666, -78.3125, -78.27083333333333, -78.22916666666666, -78.1875, -78.14583333333333, -78.10416666666666, -78.0625, -78.02083333333333, -77.97916666666666, -77.9375, -77.89583333333333, -77.85416666666666, -77.8125, -77.77083333333333, -77.72916666666666, -77.6875, -77.64583333333333, -77.60416666666666, -77.5625, -77.52083333333333, -77.47916666666666, -77.4375, -77.39583333333333, -77.35416666666666, -77.3125, -77.27083333333333, -77.22916666666666, -77.1875, -77.14583333333333, -77.10416666666666, -77.0625, -77.02083333333333, -76.97916666666666, -76.9375, -76.89583333333333, -76.85416666666666, -76.8125, -76.77083333333333, -76.72916666666666, -76.6875, -76.64583333333333, -76.60416666666666, -76.5625, -76.52083333333333, -76.47916666666666, -76.4375, -76.39583333333333, -76.35416666666666, -76.3125, -76.27083333333333, -76.22916666666666, -76.1875, -76.14583333333333, -76.10416666666666, -76.0625, -76.02083333333333, -75.97916666666666, -75.9375, -75.89583333333333, -75.85416666666666, -75.8125, -75.77083333333333, -75.72916666666666, -75.6875, -75.64583333333333, -75.60416666666666, -75.5625, -75.52083333333333, -75.47916666666666, -75.4375, -75.39583333333333, -75.35416666666666, -75.3125, -75.27083333333333, -75.22916666666666, -75.1875, -75.14583333333333, -75.10416666666666, -75.0625, -75.02083333333333, -74.97916666666666, -74.9375, -74.89583333333333, -74.85416666666666, -74.8125, -74.77083333333333, -74.72916666666666, -74.6875, -74.64583333333333, -74.60416666666666, -74.5625, -74.52083333333333, -74.47916666666666, -74.4375, -74.39583333333333, -74.35416666666666, -74.3125, -74.27083333333333, -74.22916666666666, -74.1875, -74.14583333333333, -74.10416666666666, -74.0625, -74.02083333333333, -73.97916666666666, -73.9375, -73.89583333333333, -73.85416666666666, -73.8125, -73.77083333333333, -73.72916666666666, -73.6875, -73.64583333333333, -73.60416666666666, -73.5625, -73.52083333333333, -73.47916666666666, -73.4375, -73.39583333333333, -73.35416666666666, -73.3125, -73.27083333333333, -73.22916666666666, -73.1875, -73.14583333333333, -73.10416666666666, -73.0625, -73.02083333333333, -72.97916666666666, -72.9375, -72.89583333333333, -72.85416666666666, -72.8125, -72.77083333333333, -72.72916666666666, -72.6875, -72.64583333333333, -72.60416666666666, -72.5625, -72.52083333333333, -72.47916666666666, -72.4375, -72.39583333333333, -72.35416666666666, -72.3125, -72.27083333333333, -72.22916666666666, -72.1875, -72.14583333333333, -72.10416666666666, -72.0625, -72.02083333333333, -71.97916666666666, -71.9375, -71.89583333333333, -71.85416666666666, -71.8125, -71.77083333333333, -71.72916666666666, -71.6875, -71.64583333333333, -71.60416666666666, -71.5625, -71.52083333333333, -71.47916666666666, -71.4375, -71.39583333333333, -71.35416666666666, -71.3125, -71.27083333333333, -71.22916666666666, -71.1875, -71.14583333333333, -71.10416666666666, -71.0625, -71.02083333333333, -70.97916666666666, -70.9375, -70.89583333333333, -70.85416666666666, -70.8125, -70.77083333333333, -70.72916666666666, -70.6875, -70.64583333333333, -70.60416666666666, -70.5625, -70.52083333333333, -70.47916666666666, -70.4375, -70.39583333333333, -70.35416666666666, -70.3125, -70.27083333333333, -70.22916666666666, -70.1875, -70.14583333333333, -70.10416666666666, -70.0625, -70.02083333333333, -69.97916666666666, -69.9375, -69.89583333333333, -69.85416666666666, -69.8125, -69.77083333333333, -69.72916666666666, -69.6875, -69.64583333333333, -69.60416666666666, -69.5625, -69.52083333333333, -69.47916666666666, -69.4375, -69.39583333333333, -69.35416666666666, -69.3125, -69.27083333333333, -69.22916666666666, -69.1875, -69.14583333333333, -69.10416666666666, -69.0625, -69.02083333333333, -68.97916666666666, -68.9375, -68.89583333333333, -68.85416666666666, -68.8125, -68.77083333333333, -68.72916666666666, -68.6875, -68.64583333333333, -68.60416666666666, -68.5625, -68.52083333333333, -68.47916666666666, -68.4375, -68.39583333333333, -68.35416666666666, -68.3125, -68.27083333333333, -68.22916666666666, -68.1875, -68.14583333333333, -68.10416666666666, -68.0625, -68.02083333333333, -67.97916666666666, -67.9375, -67.89583333333333, -67.85416666666666, -67.8125, -67.77083333333333, -67.72916666666666, -67.6875, -67.64583333333333, -67.60416666666666, -67.5625, -67.52083333333333, -67.47916666666666, -67.4375, -67.39583333333333, -67.35416666666666, -67.3125, -67.27083333333333, -67.22916666666666, -67.1875, -67.14583333333333, -67.10416666666666, -67.0625, -67.02083333333333, -66.97916666666666, -66.9375, -66.89583333333333, -66.85416666666666, -66.8125, -66.77083333333333, -66.72916666666666, -66.6875, -66.64583333333333, -66.60416666666666, -66.5625, -66.52083333333333, -66.47916666666666, -66.4375, -66.39583333333333, -66.35416666666666, -66.3125, -66.27083333333333, -66.22916666666666, -66.1875, -66.14583333333333, -66.10416666666666, -66.0625, -66.02083333333333, -65.97916666666666, -65.9375, -65.89583333333333, -65.85416666666666, -65.8125, -65.77083333333333, -65.72916666666666, -65.6875, -65.64583333333333, -65.60416666666666, -65.5625, -65.52083333333333, -65.47916666666666, -65.4375, -65.39583333333333, -65.35416666666666, -65.3125, -65.27083333333333, -65.22916666666666, -65.1875, -65.14583333333333, -65.10416666666666, -65.0625, -65.02083333333333, -64.97916666666666, -64.9375, -64.89583333333333, -64.85416666666666, -64.8125, -64.77083333333333, -64.72916666666666, -64.6875, -64.64583333333333, -64.60416666666666, -64.5625, -64.52083333333333, -64.47916666666666, -64.4375, -64.39583333333333, -64.35416666666666, -64.3125, -64.27083333333333, -64.22916666666666, -64.1875, -64.14583333333333, -64.10416666666666, -64.0625, -64.02083333333333, -63.97916666666666, -63.9375, -63.89583333333333, -63.85416666666666, -63.8125, -63.77083333333333, -63.72916666666666, -63.6875, -63.64583333333333, -63.60416666666666, -63.5625, -63.52083333333333, -63.47916666666666, -63.4375, -63.39583333333333, -63.35416666666666, -63.3125, -63.27083333333333, -63.22916666666666, -63.1875, -63.14583333333333, -63.10416666666666, -63.0625, -63.02083333333333, -62.97916666666666, -62.9375, -62.89583333333333, -62.85416666666666, -62.8125, -62.77083333333333, -62.72916666666666, -62.6875, -62.64583333333333, -62.60416666666666, -62.5625, -62.52083333333333, -62.47916666666666, -62.4375, -62.39583333333333, -62.35416666666666, -62.3125, -62.27083333333333, -62.22916666666666, -62.1875, -62.14583333333333, -62.10416666666666, -62.0625, -62.02083333333333, -61.97916666666666, -61.9375, -61.89583333333333, -61.85416666666666, -61.8125, -61.77083333333333, -61.72916666666666, -61.6875, -61.64583333333333, -61.60416666666666, -61.5625, -61.52083333333333, -61.47916666666666, -61.4375, -61.39583333333333, -61.35416666666666, -61.3125, -61.27083333333333, -61.22916666666666, -61.1875, -61.14583333333333, -61.10416666666666, -61.0625, -61.02083333333333, -60.97916666666666, -60.9375, -60.89583333333333, -60.85416666666666, -60.8125, -60.77083333333333, -60.72916666666666, -60.6875, -60.64583333333333, -60.60416666666666, -60.5625, -60.52083333333333, -60.47916666666666, -60.4375, -60.39583333333333, -60.35416666666666, -60.3125, -60.27083333333333, -60.22916666666666, -60.1875, -60.14583333333333, -60.10416666666666, -60.0625, -60.02083333333333, -59.97916666666666, -59.9375, -59.89583333333333, -59.85416666666666, -59.8125, -59.77083333333333, -59.72916666666666, -59.6875, -59.64583333333333, -59.60416666666666, -59.5625, -59.52083333333333, -59.47916666666666, -59.4375, -59.39583333333333, -59.35416666666666, -59.3125, -59.27083333333333, -59.22916666666666, -59.1875, -59.14583333333333, -59.10416666666666, -59.0625, -59.02083333333333, -58.97916666666666, -58.9375, -58.89583333333333, -58.85416666666666, -58.8125, -58.77083333333333, -58.72916666666666, -58.6875, -58.64583333333333, -58.60416666666666, -58.5625, -58.52083333333333, -58.47916666666666, -58.4375, -58.39583333333333, -58.35416666666666, -58.3125, -58.27083333333333, -58.22916666666666, -58.1875, -58.14583333333333, -58.10416666666666, -58.0625, -58.02083333333333, -57.97916666666666, -57.9375, -57.89583333333333, -57.85416666666666, -57.8125, -57.77083333333333, -57.72916666666666, -57.6875, -57.64583333333333, -57.60416666666666, -57.5625, -57.52083333333333, -57.47916666666666, -57.4375, -57.39583333333333, -57.35416666666666, -57.3125, -57.27083333333333, -57.22916666666666, -57.1875, -57.14583333333333, -57.10416666666666, -57.0625, -57.02083333333333, -56.97916666666666, -56.9375, -56.89583333333333, -56.85416666666666, -56.8125, -56.77083333333333, -56.72916666666666, -56.6875, -56.64583333333333, -56.60416666666666, -56.5625, -56.52083333333333, -56.47916666666666, -56.4375, -56.39583333333333, -56.35416666666666, -56.3125, -56.27083333333333, -56.22916666666666, -56.1875, -56.14583333333333, -56.10416666666666, -56.0625, -56.02083333333333, -55.97916666666666, -55.9375, -55.89583333333333, -55.85416666666666, -55.8125, -55.77083333333333, -55.72916666666666, -55.6875, -55.64583333333333, -55.60416666666666, -55.5625, -55.52083333333333, -55.47916666666666, -55.4375, -55.39583333333333, -55.35416666666666, -55.3125, -55.27083333333333, -55.22916666666666, -55.1875, -55.14583333333333, -55.10416666666666, -55.0625, -55.02083333333333, -54.97916666666666, -54.9375, -54.89583333333333, -54.85416666666666, -54.8125, -54.77083333333333, -54.72916666666666, -54.6875, -54.64583333333333, -54.60416666666666, -54.5625, -54.52083333333333, -54.47916666666666, -54.4375, -54.39583333333333, -54.35416666666666, -54.3125, -54.27083333333333, -54.22916666666666, -54.1875, -54.14583333333333, -54.10416666666666, -54.0625, -54.02083333333333, -53.97916666666666, -53.9375, -53.89583333333333, -53.85416666666666, -53.8125, -53.77083333333333, -53.72916666666666, -53.6875, -53.64583333333333, -53.60416666666666, -53.5625, -53.52083333333333, -53.47916666666666, -53.4375, -53.39583333333333, -53.35416666666666, -53.3125, -53.27083333333333, -53.22916666666666, -53.1875, -53.14583333333333, -53.10416666666666, -53.0625, -53.02083333333333, -52.97916666666666, -52.9375, -52.89583333333333, -52.85416666666666, -52.8125, -52.77083333333333, -52.72916666666666, -52.6875, -52.64583333333333, -52.60416666666666, -52.5625, -52.52083333333333, -52.47916666666666, -52.4375, -52.39583333333333, -52.35416666666666, -52.3125, -52.27083333333333, -52.22916666666666, -52.1875, -52.14583333333333, -52.10416666666666, -52.0625, -52.02083333333333, -51.97916666666666, -51.9375, -51.89583333333334, -51.85416666666666, -51.8125, -51.77083333333334, -51.72916666666666, -51.6875, -51.64583333333334, -51.60416666666666, -51.5625, -51.52083333333334, -51.47916666666666, -51.4375, -51.39583333333334, -51.35416666666666, -51.3125, -51.27083333333334, -51.22916666666666, -51.1875, -51.14583333333334, -51.10416666666666, -51.0625, -51.02083333333334, -50.97916666666666, -50.9375, -50.89583333333334, -50.85416666666666, -50.8125, -50.77083333333334, -50.72916666666666, -50.6875, -50.64583333333334, -50.60416666666666, -50.5625, -50.52083333333334, -50.47916666666666, -50.4375, -50.39583333333334, -50.35416666666666, -50.3125, -50.27083333333334, -50.22916666666666, -50.1875, -50.14583333333334, -50.10416666666666, -50.0625, -50.02083333333334, -49.97916666666666, -49.9375, -49.89583333333334, -49.85416666666666, -49.8125, -49.77083333333334, -49.72916666666666, -49.6875, -49.64583333333334, -49.60416666666666, -49.5625, -49.52083333333334, -49.47916666666666, -49.4375, -49.39583333333334, -49.35416666666666, -49.3125, -49.27083333333334, -49.22916666666666, -49.1875, -49.14583333333334, -49.10416666666666, -49.0625, -49.02083333333334, -48.97916666666666, -48.9375, -48.89583333333334, -48.85416666666666, -48.8125, -48.77083333333334, -48.72916666666666, -48.6875, -48.64583333333334, -48.60416666666666, -48.5625, -48.52083333333334, -48.47916666666666, -48.4375, -48.39583333333334, -48.35416666666666, -48.3125, -48.27083333333334, -48.22916666666666, -48.1875, -48.14583333333334, -48.10416666666666, -48.0625, -48.02083333333334, -47.97916666666666, -47.9375, -47.89583333333334, -47.85416666666666, -47.8125, -47.77083333333334, -47.72916666666666, -47.6875, -47.64583333333334, -47.60416666666666, -47.5625, -47.52083333333334, -47.47916666666666, -47.4375, -47.39583333333334, -47.35416666666666, -47.3125, -47.27083333333334, -47.22916666666666, -47.1875, -47.14583333333334, -47.10416666666666, -47.0625, -47.02083333333334, -46.97916666666666, -46.9375, -46.89583333333334, -46.85416666666666, -46.8125, -46.77083333333334, -46.72916666666666, -46.6875, -46.64583333333334, -46.60416666666666, -46.5625, -46.52083333333334, -46.47916666666666, -46.4375, -46.39583333333334, -46.35416666666666, -46.3125, -46.27083333333334, -46.22916666666666, -46.1875, -46.14583333333334, -46.10416666666666, -46.0625, -46.02083333333334, -45.97916666666666, -45.9375, -45.89583333333334, -45.85416666666666, -45.8125, -45.77083333333334, -45.72916666666666, -45.6875, -45.64583333333334, -45.60416666666666, -45.5625, -45.52083333333334, -45.47916666666666, -45.4375, -45.39583333333334, -45.35416666666666, -45.3125, -45.27083333333334, -45.22916666666666, -45.1875, -45.14583333333334, -45.10416666666666, -45.0625, -45.02083333333334, -44.97916666666666, -44.9375, -44.89583333333334, -44.85416666666666, -44.8125, -44.77083333333334, -44.72916666666666, -44.6875, -44.64583333333334, -44.60416666666666, -44.5625, -44.52083333333334, -44.47916666666666, -44.4375, -44.39583333333334, -44.35416666666666, -44.3125, -44.27083333333334, -44.22916666666666, -44.1875, -44.14583333333334, -44.10416666666666, -44.0625, -44.02083333333334, -43.97916666666666, -43.9375, -43.89583333333334, -43.85416666666666, -43.8125, -43.77083333333334, -43.72916666666666, -43.6875, -43.64583333333334, -43.60416666666666, -43.5625, -43.52083333333334, -43.47916666666666, -43.4375, -43.39583333333334, -43.35416666666666, -43.3125, -43.27083333333334, -43.22916666666666, -43.1875, -43.14583333333334, -43.10416666666666, -43.0625, -43.02083333333334, -42.97916666666666, -42.9375, -42.89583333333334, -42.85416666666666, -42.8125, -42.77083333333334, -42.72916666666666, -42.6875, -42.64583333333334, -42.60416666666666, -42.5625, -42.52083333333334, -42.47916666666666, -42.4375, -42.39583333333334, -42.35416666666666, -42.3125, -42.27083333333334, -42.22916666666666, -42.1875, -42.14583333333334, -42.10416666666666, -42.0625, -42.02083333333334, -41.97916666666666, -41.9375, -41.89583333333334, -41.85416666666666, -41.8125, -41.77083333333334, -41.72916666666666, -41.6875, -41.64583333333334, -41.60416666666666, -41.5625, -41.52083333333334, -41.47916666666666, -41.4375, -41.39583333333334, -41.35416666666666, -41.3125, -41.27083333333334, -41.22916666666666, -41.1875, -41.14583333333334, -41.10416666666666, -41.0625, -41.02083333333334, -40.97916666666666, -40.9375, -40.89583333333334, -40.85416666666666, -40.8125, -40.77083333333334, -40.72916666666666, -40.6875, -40.64583333333334, -40.60416666666666, -40.5625, -40.52083333333334, -40.47916666666666, -40.4375, -40.39583333333334, -40.35416666666666, -40.3125, -40.27083333333334, -40.22916666666666, -40.1875, -40.14583333333334, -40.10416666666666, -40.0625, -40.02083333333334, -39.97916666666666, -39.9375, -39.89583333333334, -39.85416666666666, -39.8125, -39.77083333333334, -39.72916666666666, -39.6875, -39.64583333333334, -39.60416666666666, -39.5625, -39.52083333333334, -39.47916666666666, -39.4375, -39.39583333333334, -39.35416666666666, -39.3125, -39.27083333333334, -39.22916666666666, -39.1875, -39.14583333333334, -39.10416666666666, -39.0625, -39.02083333333334, -38.97916666666666, -38.9375, -38.89583333333334, -38.85416666666666, -38.8125, -38.77083333333334, -38.72916666666666, -38.6875, -38.64583333333334, -38.60416666666666, -38.5625, -38.52083333333334, -38.47916666666666, -38.4375, -38.39583333333334, -38.35416666666666, -38.3125, -38.27083333333334, -38.22916666666666, -38.1875, -38.14583333333334, -38.10416666666666, -38.0625, -38.02083333333334, -37.97916666666666, -37.9375, -37.89583333333334, -37.85416666666666, -37.8125, -37.77083333333334, -37.72916666666666, -37.6875, -37.64583333333334, -37.60416666666666, -37.5625, -37.52083333333334, -37.47916666666666, -37.4375, -37.39583333333334, -37.35416666666666, -37.3125, -37.27083333333334, -37.22916666666666, -37.1875, -37.14583333333334, -37.10416666666666, -37.0625, -37.02083333333334, -36.97916666666666, -36.9375, -36.89583333333334, -36.85416666666666, -36.8125, -36.77083333333334, -36.72916666666666, -36.6875, -36.64583333333334, -36.60416666666666, -36.5625, -36.52083333333334, -36.47916666666666, -36.4375, -36.39583333333334, -36.35416666666666, -36.3125, -36.27083333333334, -36.22916666666666, -36.1875, -36.14583333333334, -36.10416666666666, -36.0625, -36.02083333333334, -35.97916666666666, -35.9375, -35.89583333333334, -35.85416666666666, -35.8125, -35.77083333333334, -35.72916666666666, -35.6875, -35.64583333333334, -35.60416666666666, -35.5625, -35.52083333333334, -35.47916666666666, -35.4375, -35.39583333333334, -35.35416666666666, -35.3125, -35.27083333333334, -35.22916666666666, -35.1875, -35.14583333333334, -35.10416666666666, -35.0625, -35.02083333333334, -34.97916666666666, -34.9375, -34.89583333333334, -34.85416666666666, -34.8125, -34.77083333333334, -34.72916666666666, -34.6875, -34.64583333333334, -34.60416666666666, -34.5625, -34.52083333333334, -34.47916666666666, -34.4375, -34.39583333333334, -34.35416666666666, -34.3125, -34.27083333333334, -34.22916666666666, -34.1875, -34.14583333333334, -34.10416666666666, -34.0625, -34.02083333333334, -33.97916666666666, -33.9375, -33.89583333333334, -33.85416666666666, -33.8125, -33.77083333333334, -33.72916666666666, -33.6875, -33.64583333333334, -33.60416666666666, -33.5625, -33.52083333333334, -33.47916666666666, -33.4375, -33.39583333333334, -33.35416666666666, -33.3125, -33.27083333333334, -33.22916666666666, -33.1875, -33.14583333333334, -33.10416666666666, -33.0625, -33.02083333333334, -32.97916666666666, -32.9375, -32.89583333333334, -32.85416666666666, -32.8125, -32.77083333333334, -32.72916666666666, -32.6875, -32.64583333333334, -32.60416666666666, -32.5625, -32.52083333333334, -32.47916666666666, -32.4375, -32.39583333333334, -32.35416666666666, -32.3125, -32.27083333333334, -32.22916666666666, -32.1875, -32.14583333333334, -32.10416666666666, -32.0625, -32.02083333333334, -31.979166666666657, -31.9375, -31.895833333333343, -31.854166666666657, -31.8125, -31.770833333333343, -31.729166666666657, -31.6875, -31.645833333333343, -31.604166666666657, -31.5625, -31.520833333333343, -31.479166666666657, -31.4375, -31.395833333333343, -31.354166666666657, -31.3125, -31.270833333333343, -31.229166666666657, -31.1875, -31.145833333333343, -31.104166666666657, -31.0625, -31.020833333333343, -30.979166666666657, -30.9375, -30.895833333333343, -30.854166666666657, -30.8125, -30.770833333333343, -30.729166666666657, -30.6875, -30.645833333333343, -30.604166666666657, -30.5625, -30.520833333333343, -30.479166666666657, -30.4375, -30.395833333333343, -30.354166666666657, -30.3125, -30.270833333333343, -30.229166666666657, -30.1875, -30.145833333333343, -30.104166666666657, -30.0625, -30.020833333333343, -29.979166666666657, -29.9375, -29.895833333333343, -29.854166666666657, -29.8125, -29.770833333333343, -29.729166666666657, -29.6875, -29.645833333333343, -29.604166666666657, -29.5625, -29.520833333333343, -29.479166666666657, -29.4375, -29.395833333333343, -29.354166666666657, -29.3125, -29.270833333333343, -29.229166666666657, -29.1875, -29.145833333333343, -29.104166666666657, -29.0625, -29.020833333333343, -28.979166666666657, -28.9375, -28.895833333333343, -28.854166666666657, -28.8125, -28.770833333333343, -28.729166666666657, -28.6875, -28.645833333333343, -28.604166666666657, -28.5625, -28.520833333333343, -28.479166666666657, -28.4375, -28.395833333333343, -28.354166666666657, -28.3125, -28.270833333333343, -28.229166666666657, -28.1875, -28.145833333333343, -28.104166666666657, -28.0625, -28.020833333333343, -27.979166666666657, -27.9375, -27.895833333333343, -27.854166666666657, -27.8125, -27.770833333333343, -27.729166666666657, -27.6875, -27.645833333333343, -27.604166666666657, -27.5625, -27.520833333333343, -27.479166666666657, -27.4375, -27.395833333333343, -27.354166666666657, -27.3125, -27.270833333333343, -27.229166666666657, -27.1875, -27.145833333333343, -27.104166666666657, -27.0625, -27.020833333333343, -26.979166666666657, -26.9375, -26.895833333333343, -26.854166666666657, -26.8125, -26.770833333333343, -26.729166666666657, -26.6875, -26.645833333333343, -26.604166666666657, -26.5625, -26.520833333333343, -26.479166666666657, -26.4375, -26.395833333333343, -26.354166666666657, -26.3125, -26.270833333333343, -26.229166666666657, -26.1875, -26.145833333333343, -26.104166666666657, -26.0625, -26.020833333333343, -25.979166666666657, -25.9375, -25.895833333333343, -25.854166666666657, -25.8125, -25.770833333333343, -25.729166666666657, -25.6875, -25.645833333333343, -25.604166666666657, -25.5625, -25.520833333333343, -25.479166666666657, -25.4375, -25.395833333333343, -25.354166666666657, -25.3125, -25.270833333333343, -25.229166666666657, -25.1875, -25.145833333333343, -25.104166666666657, -25.0625, -25.020833333333343, -24.979166666666657, -24.9375, -24.895833333333343, -24.854166666666657, -24.8125, -24.770833333333343, -24.729166666666657, -24.6875, -24.645833333333343, -24.604166666666657, -24.5625, -24.520833333333343, -24.479166666666657, -24.4375, -24.395833333333343, -24.354166666666657, -24.3125, -24.270833333333343, -24.229166666666657, -24.1875, -24.145833333333343, -24.104166666666657, -24.0625, -24.020833333333343, -23.979166666666657, -23.9375, -23.895833333333343, -23.854166666666657, -23.8125, -23.770833333333343, -23.729166666666657, -23.6875, -23.645833333333343, -23.604166666666657, -23.5625, -23.520833333333343, -23.479166666666657, -23.4375, -23.395833333333343, -23.354166666666657, -23.3125, -23.270833333333343, -23.229166666666657, -23.1875, -23.145833333333343, -23.104166666666657, -23.0625, -23.020833333333343, -22.979166666666657, -22.9375, -22.895833333333343, -22.854166666666657, -22.8125, -22.770833333333343, -22.729166666666657, -22.6875, -22.645833333333343, -22.604166666666657, -22.5625, -22.520833333333343, -22.479166666666657, -22.4375, -22.395833333333343, -22.354166666666657, -22.3125, -22.270833333333343, -22.229166666666657, -22.1875, -22.145833333333343, -22.104166666666657, -22.0625, -22.020833333333343, -21.979166666666657, -21.9375, -21.895833333333343, -21.854166666666657, -21.8125, -21.770833333333343, -21.729166666666657, -21.6875, -21.645833333333343, -21.604166666666657, -21.5625, -21.520833333333343, -21.479166666666657, -21.4375, -21.395833333333343, -21.354166666666657, -21.3125, -21.270833333333343, -21.229166666666657, -21.1875, -21.145833333333343, -21.104166666666657, -21.0625, -21.020833333333343, -20.979166666666657, -20.9375, -20.895833333333343, -20.854166666666657, -20.8125, -20.770833333333343, -20.729166666666657, -20.6875, -20.645833333333343, -20.604166666666657, -20.5625, -20.520833333333343, -20.479166666666657, -20.4375, -20.395833333333343, -20.354166666666657, -20.3125, -20.270833333333343, -20.229166666666657, -20.1875, -20.145833333333343, -20.104166666666657, -20.0625, -20.020833333333343, -19.979166666666657, -19.9375, -19.895833333333343, -19.854166666666657, -19.8125, -19.770833333333343, -19.729166666666657, -19.6875, -19.645833333333343, -19.604166666666657, -19.5625, -19.520833333333343, -19.479166666666657, -19.4375, -19.395833333333343, -19.354166666666657, -19.3125, -19.270833333333343, -19.229166666666657, -19.1875, -19.145833333333343, -19.104166666666657, -19.0625, -19.020833333333343, -18.979166666666657, -18.9375, -18.895833333333343, -18.854166666666657, -18.8125, -18.770833333333343, -18.729166666666657, -18.6875, -18.645833333333343, -18.604166666666657, -18.5625, -18.520833333333343, -18.479166666666657, -18.4375, -18.395833333333343, -18.354166666666657, -18.3125, -18.270833333333343, -18.229166666666657, -18.1875, -18.145833333333343, -18.104166666666657, -18.0625, -18.020833333333343, -17.979166666666657, -17.9375, -17.895833333333343, -17.854166666666657, -17.8125, -17.770833333333343, -17.729166666666657, -17.6875, -17.645833333333343, -17.604166666666657, -17.5625, -17.520833333333343, -17.479166666666657, -17.4375, -17.395833333333343, -17.354166666666657, -17.3125, -17.270833333333343, -17.229166666666657, -17.1875, -17.145833333333343, -17.104166666666657, -17.0625, -17.020833333333343, -16.979166666666657, -16.9375, -16.895833333333343, -16.854166666666657, -16.8125, -16.770833333333343, -16.729166666666657, -16.6875, -16.645833333333343, -16.604166666666657, -16.5625, -16.520833333333343, -16.479166666666657, -16.4375, -16.395833333333343, -16.354166666666657, -16.3125, -16.270833333333343, -16.229166666666657, -16.1875, -16.145833333333343, -16.104166666666657, -16.0625, -16.020833333333343, -15.979166666666657, -15.9375, -15.895833333333343, -15.854166666666657, -15.8125, -15.770833333333343, -15.729166666666657, -15.6875, -15.645833333333343, -15.604166666666657, -15.5625, -15.520833333333343, -15.479166666666657, -15.4375, -15.395833333333343, -15.354166666666657, -15.3125, -15.270833333333343, -15.229166666666657, -15.1875, -15.145833333333343, -15.104166666666657, -15.0625, -15.020833333333343, -14.979166666666657, -14.9375, -14.895833333333343, -14.854166666666657, -14.8125, -14.770833333333343, -14.729166666666657, -14.6875, -14.645833333333343, -14.604166666666657, -14.5625, -14.520833333333343, -14.479166666666657, -14.4375, -14.395833333333343, -14.354166666666657, -14.3125, -14.270833333333343, -14.229166666666657, -14.1875, -14.145833333333343, -14.104166666666657, -14.0625, -14.020833333333343, -13.979166666666657, -13.9375, -13.895833333333343, -13.854166666666657, -13.8125, -13.770833333333343, -13.729166666666657, -13.6875, -13.645833333333343, -13.604166666666657, -13.5625, -13.520833333333343, -13.479166666666657, -13.4375, -13.395833333333343, -13.354166666666657, -13.3125, -13.270833333333343, -13.229166666666657, -13.1875, -13.145833333333343, -13.104166666666657, -13.0625, -13.020833333333343, -12.979166666666657, -12.9375, -12.895833333333343, -12.854166666666657, -12.8125, -12.770833333333343, -12.729166666666657, -12.6875, -12.645833333333343, -12.604166666666657, -12.5625, -12.520833333333343, -12.479166666666657, -12.4375, -12.395833333333343, -12.354166666666657, -12.3125, -12.270833333333343, -12.229166666666657, -12.1875, -12.145833333333343, -12.104166666666657, -12.0625, -12.020833333333343, -11.979166666666657, -11.9375, -11.895833333333343, -11.854166666666657, -11.8125, -11.770833333333343, -11.729166666666657, -11.6875, -11.645833333333343, -11.604166666666657, -11.5625, -11.520833333333343, -11.479166666666657, -11.4375, -11.395833333333343, -11.354166666666657, -11.3125, -11.270833333333343, -11.229166666666657, -11.1875, -11.145833333333343, -11.104166666666657, -11.0625, -11.020833333333343, -10.979166666666657, -10.9375, -10.895833333333343, -10.854166666666657, -10.8125, -10.770833333333343, -10.729166666666657, -10.6875, -10.645833333333343, -10.604166666666657, -10.5625, -10.520833333333343, -10.479166666666657, -10.4375, -10.395833333333343, -10.354166666666657, -10.3125, -10.270833333333343, -10.229166666666657, -10.1875, -10.145833333333343, -10.104166666666657, -10.0625, -10.020833333333343, -9.979166666666657, -9.9375, -9.895833333333343, -9.854166666666657, -9.8125, -9.770833333333343, -9.729166666666657, -9.6875, -9.645833333333343, -9.604166666666657, -9.5625, -9.520833333333343, -9.479166666666657, -9.4375, -9.395833333333343, -9.354166666666657, -9.3125, -9.270833333333343, -9.229166666666657, -9.1875, -9.145833333333343, -9.104166666666657, -9.0625, -9.020833333333343, -8.979166666666657, -8.9375, -8.895833333333343, -8.854166666666657, -8.8125, -8.770833333333343, -8.729166666666657, -8.6875, -8.645833333333343, -8.604166666666657, -8.5625, -8.520833333333343, -8.479166666666657, -8.4375, -8.395833333333343, -8.354166666666657, -8.3125, -8.270833333333343, -8.229166666666657, -8.1875, -8.145833333333343, -8.104166666666657, -8.0625, -8.020833333333343, -7.979166666666657, -7.9375, -7.895833333333343, -7.854166666666657, -7.8125, -7.770833333333343, -7.729166666666657, -7.6875, -7.645833333333343, -7.604166666666657, -7.5625, -7.520833333333343, -7.479166666666657, -7.4375, -7.395833333333343, -7.354166666666657, -7.3125, -7.270833333333343, -7.229166666666657, -7.1875, -7.145833333333343, -7.104166666666657, -7.0625, -7.020833333333343, -6.979166666666657, -6.9375, -6.895833333333343, -6.854166666666657, -6.8125, -6.770833333333343, -6.729166666666657, -6.6875, -6.645833333333343, -6.604166666666657, -6.5625, -6.520833333333343, -6.479166666666657, -6.4375, -6.395833333333343, -6.354166666666657, -6.3125, -6.270833333333343, -6.229166666666657, -6.1875, -6.145833333333343, -6.104166666666657, -6.0625, -6.020833333333343, -5.979166666666657, -5.9375, -5.895833333333343, -5.854166666666657, -5.8125, -5.770833333333343, -5.729166666666657, -5.6875, -5.645833333333343, -5.604166666666657, -5.5625, -5.520833333333343, -5.479166666666657, -5.4375, -5.395833333333343, -5.354166666666657, -5.3125, -5.270833333333343, -5.229166666666657, -5.1875, -5.145833333333343, -5.104166666666657, -5.0625, -5.020833333333343, -4.979166666666657, -4.9375, -4.895833333333343, -4.854166666666657, -4.8125, -4.770833333333343, -4.729166666666657, -4.6875, -4.645833333333343, -4.604166666666657, -4.5625, -4.520833333333343, -4.479166666666657, -4.4375, -4.395833333333343, -4.354166666666657, -4.3125, -4.270833333333343, -4.229166666666657, -4.1875, -4.145833333333343, -4.104166666666657, -4.0625, -4.020833333333343, -3.979166666666657, -3.9375, -3.895833333333343, -3.854166666666657, -3.8125, -3.770833333333343, -3.729166666666657, -3.6875, -3.645833333333343, -3.604166666666657, -3.5625, -3.520833333333343, -3.479166666666657, -3.4375, -3.395833333333343, -3.354166666666657, -3.3125, -3.270833333333343, -3.229166666666657, -3.1875, -3.145833333333343, -3.104166666666657, -3.0625, -3.020833333333343, -2.979166666666657, -2.9375, -2.895833333333343, -2.854166666666657, -2.8125, -2.770833333333343, -2.729166666666657, -2.6875, -2.645833333333343, -2.604166666666657, -2.5625, -2.520833333333343, -2.479166666666657, -2.4375, -2.395833333333343, -2.354166666666657, -2.3125, -2.270833333333343, -2.229166666666657, -2.1875, -2.145833333333343, -2.104166666666657, -2.0625, -2.020833333333343, -1.9791666666666572, -1.9375, -1.8958333333333428, -1.8541666666666572, -1.8125, -1.7708333333333428, -1.7291666666666572, -1.6875, -1.6458333333333428, -1.6041666666666572, -1.5625, -1.5208333333333428, -1.4791666666666572, -1.4375, -1.3958333333333428, -1.3541666666666572, -1.3125, -1.2708333333333428, -1.2291666666666572, -1.1875, -1.1458333333333428, -1.1041666666666572, -1.0625, -1.0208333333333428, -0.9791666666666572, -0.9375, -0.8958333333333428, -0.8541666666666572, -0.8125, -0.7708333333333428, -0.7291666666666572, -0.6875, -0.6458333333333428, -0.6041666666666572, -0.5625, -0.5208333333333428, -0.4791666666666572, -0.4375, -0.3958333333333428, -0.3541666666666572, -0.3125, -0.2708333333333428, -0.2291666666666572, -0.1875, -0.1458333333333428, -0.10416666666665719, -0.0625, -0.020833333333342807, 0.020833333333342807, 0.0625, 0.10416666666665719, 0.1458333333333428, 0.1875, 0.2291666666666572, 0.2708333333333428, 0.3125, 0.3541666666666572, 0.3958333333333428, 0.4375, 0.4791666666666572, 0.5208333333333428, 0.5625, 0.6041666666666572, 0.6458333333333428, 0.6875, 0.7291666666666572, 0.7708333333333428, 0.8125, 0.8541666666666572, 0.8958333333333428, 0.9375, 0.9791666666666572, 1.0208333333333428, 1.0625, 1.1041666666666572, 1.1458333333333428, 1.1875, 1.2291666666666572, 1.2708333333333428, 1.3125, 1.3541666666666572, 1.3958333333333428, 1.4375, 1.4791666666666572, 1.5208333333333428, 1.5625, 1.6041666666666572, 1.6458333333333428, 1.6875, 1.7291666666666572, 1.7708333333333428, 1.8125, 1.8541666666666572, 1.8958333333333428, 1.9375, 1.9791666666666572, 2.020833333333343, 2.0625, 2.104166666666657, 2.145833333333343, 2.1875, 2.229166666666657, 2.270833333333343, 2.3125, 2.354166666666657, 2.395833333333343, 2.4375, 2.479166666666657, 2.520833333333343, 2.5625, 2.604166666666657, 2.645833333333343, 2.6875, 2.729166666666657, 2.770833333333343, 2.8125, 2.854166666666657, 2.895833333333343, 2.9375, 2.979166666666657, 3.020833333333343, 3.0625, 3.104166666666657, 3.145833333333343, 3.1875, 3.229166666666657, 3.270833333333343, 3.3125, 3.354166666666657, 3.395833333333343, 3.4375, 3.479166666666657, 3.520833333333343, 3.5625, 3.604166666666657, 3.645833333333343, 3.6875, 3.729166666666657, 3.770833333333343, 3.8125, 3.854166666666657, 3.895833333333343, 3.9375, 3.979166666666657, 4.020833333333343, 4.0625, 4.104166666666657, 4.145833333333343, 4.1875, 4.229166666666657, 4.270833333333343, 4.3125, 4.354166666666657, 4.395833333333343, 4.4375, 4.479166666666657, 4.520833333333343, 4.5625, 4.604166666666657, 4.645833333333343, 4.6875, 4.729166666666657, 4.770833333333343, 4.8125, 4.854166666666657, 4.895833333333343, 4.9375, 4.979166666666657, 5.020833333333343, 5.0625, 5.104166666666657, 5.145833333333343, 5.1875, 5.229166666666657, 5.270833333333343, 5.3125, 5.354166666666657, 5.395833333333343, 5.4375, 5.479166666666657, 5.520833333333343, 5.5625, 5.604166666666657, 5.645833333333343, 5.6875, 5.729166666666657, 5.770833333333343, 5.8125, 5.854166666666657, 5.895833333333343, 5.9375, 5.979166666666657, 6.020833333333343, 6.0625, 6.104166666666657, 6.145833333333343, 6.1875, 6.229166666666657, 6.270833333333343, 6.3125, 6.354166666666657, 6.395833333333343, 6.4375, 6.479166666666657, 6.520833333333343, 6.5625, 6.604166666666657, 6.645833333333343, 6.6875, 6.729166666666657, 6.770833333333343, 6.8125, 6.854166666666657, 6.895833333333343, 6.9375, 6.979166666666657, 7.020833333333343, 7.0625, 7.104166666666657, 7.145833333333343, 7.1875, 7.229166666666657, 7.270833333333343, 7.3125, 7.354166666666657, 7.395833333333343, 7.4375, 7.479166666666657, 7.520833333333343, 7.5625, 7.604166666666657, 7.645833333333343, 7.6875, 7.729166666666657, 7.770833333333343, 7.8125, 7.854166666666657, 7.895833333333343, 7.9375, 7.979166666666657, 8.020833333333343, 8.0625, 8.104166666666657, 8.145833333333343, 8.1875, 8.229166666666657, 8.270833333333343, 8.3125, 8.354166666666657, 8.395833333333343, 8.4375, 8.479166666666657, 8.520833333333343, 8.5625, 8.604166666666657, 8.645833333333343, 8.6875, 8.729166666666657, 8.770833333333343, 8.8125, 8.854166666666657, 8.895833333333343, 8.9375, 8.979166666666657, 9.020833333333343, 9.0625, 9.104166666666657, 9.145833333333343, 9.1875, 9.229166666666657, 9.270833333333343, 9.3125, 9.354166666666657, 9.395833333333343, 9.4375, 9.479166666666657, 9.520833333333343, 9.5625, 9.604166666666657, 9.645833333333343, 9.6875, 9.729166666666657, 9.770833333333343, 9.8125, 9.854166666666657, 9.895833333333343, 9.9375, 9.979166666666657, 10.020833333333343, 10.0625, 10.104166666666657, 10.145833333333343, 10.1875, 10.229166666666657, 10.270833333333343, 10.3125, 10.354166666666657, 10.395833333333343, 10.4375, 10.479166666666657, 10.520833333333343, 10.5625, 10.604166666666657, 10.645833333333343, 10.6875, 10.729166666666657, 10.770833333333343, 10.8125, 10.854166666666657, 10.895833333333343, 10.9375, 10.979166666666657, 11.020833333333343, 11.0625, 11.104166666666657, 11.145833333333343, 11.1875, 11.229166666666657, 11.270833333333343, 11.3125, 11.354166666666657, 11.395833333333343, 11.4375, 11.479166666666657, 11.520833333333343, 11.5625, 11.604166666666657, 11.645833333333343, 11.6875, 11.729166666666657, 11.770833333333343, 11.8125, 11.854166666666657, 11.895833333333343, 11.9375, 11.979166666666657, 12.020833333333343, 12.0625, 12.104166666666657, 12.145833333333343, 12.1875, 12.229166666666657, 12.270833333333343, 12.3125, 12.354166666666657, 12.395833333333343, 12.4375, 12.479166666666657, 12.520833333333343, 12.5625, 12.604166666666657, 12.645833333333343, 12.6875, 12.729166666666657, 12.770833333333343, 12.8125, 12.854166666666657, 12.895833333333343, 12.9375, 12.979166666666657, 13.020833333333343, 13.0625, 13.104166666666657, 13.145833333333343, 13.1875, 13.229166666666657, 13.270833333333343, 13.3125, 13.354166666666657, 13.395833333333343, 13.4375, 13.479166666666657, 13.520833333333343, 13.5625, 13.604166666666657, 13.645833333333343, 13.6875, 13.729166666666657, 13.770833333333343, 13.8125, 13.854166666666657, 13.895833333333343, 13.9375, 13.979166666666657, 14.020833333333343, 14.0625, 14.104166666666657, 14.145833333333343, 14.1875, 14.229166666666657, 14.270833333333343, 14.3125, 14.354166666666657, 14.395833333333343, 14.4375, 14.479166666666657, 14.520833333333343, 14.5625, 14.604166666666657, 14.645833333333343, 14.6875, 14.729166666666657, 14.770833333333343, 14.8125, 14.854166666666657, 14.895833333333343, 14.9375, 14.979166666666657, 15.020833333333343, 15.0625, 15.104166666666657, 15.145833333333343, 15.1875, 15.229166666666657, 15.270833333333343, 15.3125, 15.354166666666657, 15.395833333333343, 15.4375, 15.479166666666657, 15.520833333333343, 15.5625, 15.604166666666657, 15.645833333333343, 15.6875, 15.729166666666657, 15.770833333333343, 15.8125, 15.854166666666657, 15.895833333333343, 15.9375, 15.979166666666657, 16.020833333333343, 16.0625, 16.104166666666657, 16.145833333333343, 16.1875, 16.229166666666657, 16.270833333333343, 16.3125, 16.354166666666657, 16.395833333333343, 16.4375, 16.479166666666657, 16.520833333333343, 16.5625, 16.604166666666657, 16.645833333333343, 16.6875, 16.729166666666657, 16.770833333333343, 16.8125, 16.854166666666657, 16.895833333333343, 16.9375, 16.979166666666657, 17.020833333333343, 17.0625, 17.104166666666657, 17.145833333333343, 17.1875, 17.229166666666657, 17.270833333333343, 17.3125, 17.354166666666657, 17.395833333333343, 17.4375, 17.479166666666657, 17.520833333333343, 17.5625, 17.604166666666657, 17.645833333333343, 17.6875, 17.729166666666657, 17.770833333333343, 17.8125, 17.854166666666657, 17.895833333333343, 17.9375, 17.979166666666657, 18.020833333333343, 18.0625, 18.104166666666657, 18.145833333333343, 18.1875, 18.229166666666657, 18.270833333333343, 18.3125, 18.354166666666657, 18.395833333333343, 18.4375, 18.479166666666657, 18.520833333333343, 18.5625, 18.604166666666657, 18.645833333333343, 18.6875, 18.729166666666657, 18.770833333333343, 18.8125, 18.854166666666657, 18.895833333333343, 18.9375, 18.979166666666657, 19.020833333333343, 19.0625, 19.104166666666657, 19.145833333333343, 19.1875, 19.229166666666657, 19.270833333333343, 19.3125, 19.354166666666657, 19.395833333333343, 19.4375, 19.479166666666657, 19.520833333333343, 19.5625, 19.604166666666657, 19.645833333333343, 19.6875, 19.729166666666657, 19.770833333333343, 19.8125, 19.854166666666657, 19.895833333333343, 19.9375, 19.979166666666657, 20.020833333333343, 20.0625, 20.104166666666657, 20.145833333333343, 20.1875, 20.229166666666657, 20.270833333333343, 20.3125, 20.354166666666657, 20.395833333333343, 20.4375, 20.479166666666657, 20.520833333333343, 20.5625, 20.604166666666657, 20.645833333333343, 20.6875, 20.729166666666657, 20.770833333333343, 20.8125, 20.854166666666657, 20.895833333333343, 20.9375, 20.979166666666657, 21.020833333333343, 21.0625, 21.104166666666657, 21.145833333333343, 21.1875, 21.229166666666657, 21.270833333333343, 21.3125, 21.354166666666657, 21.395833333333343, 21.4375, 21.479166666666657, 21.520833333333343, 21.5625, 21.604166666666657, 21.645833333333343, 21.6875, 21.729166666666657, 21.770833333333343, 21.8125, 21.854166666666657, 21.895833333333343, 21.9375, 21.979166666666657, 22.020833333333343, 22.0625, 22.104166666666657, 22.145833333333343, 22.1875, 22.229166666666657, 22.270833333333343, 22.3125, 22.354166666666657, 22.395833333333343, 22.4375, 22.479166666666657, 22.520833333333343, 22.5625, 22.604166666666657, 22.645833333333343, 22.6875, 22.729166666666657, 22.770833333333343, 22.8125, 22.854166666666657, 22.895833333333343, 22.9375, 22.979166666666657, 23.020833333333343, 23.0625, 23.104166666666657, 23.145833333333343, 23.1875, 23.229166666666657, 23.270833333333343, 23.3125, 23.354166666666657, 23.395833333333343, 23.4375, 23.479166666666657, 23.520833333333343, 23.5625, 23.604166666666657, 23.645833333333343, 23.6875, 23.729166666666657, 23.770833333333343, 23.8125, 23.854166666666657, 23.895833333333343, 23.9375, 23.979166666666657, 24.020833333333343, 24.0625, 24.104166666666657, 24.145833333333343, 24.1875, 24.229166666666657, 24.270833333333343, 24.3125, 24.354166666666657, 24.395833333333343, 24.4375, 24.479166666666657, 24.520833333333343, 24.5625, 24.604166666666657, 24.645833333333343, 24.6875, 24.729166666666657, 24.770833333333343, 24.8125, 24.854166666666657, 24.895833333333343, 24.9375, 24.979166666666657, 25.020833333333343, 25.0625, 25.104166666666657, 25.145833333333343, 25.1875, 25.229166666666657, 25.270833333333343, 25.3125, 25.354166666666657, 25.395833333333343, 25.4375, 25.479166666666657, 25.520833333333343, 25.5625, 25.604166666666657, 25.645833333333343, 25.6875, 25.729166666666657, 25.770833333333343, 25.8125, 25.854166666666657, 25.895833333333343, 25.9375, 25.979166666666657, 26.020833333333343, 26.0625, 26.104166666666657, 26.145833333333343, 26.1875, 26.229166666666657, 26.270833333333343, 26.3125, 26.354166666666657, 26.395833333333343, 26.4375, 26.479166666666657, 26.520833333333343, 26.5625, 26.604166666666657, 26.645833333333343, 26.6875, 26.729166666666657, 26.770833333333343, 26.8125, 26.854166666666657, 26.895833333333343, 26.9375, 26.979166666666657, 27.020833333333343, 27.0625, 27.104166666666657, 27.145833333333343, 27.1875, 27.229166666666657, 27.270833333333343, 27.3125, 27.354166666666657, 27.395833333333343, 27.4375, 27.479166666666657, 27.520833333333343, 27.5625, 27.604166666666657, 27.645833333333343, 27.6875, 27.729166666666657, 27.770833333333343, 27.8125, 27.854166666666657, 27.895833333333343, 27.9375, 27.979166666666657, 28.020833333333343, 28.0625, 28.104166666666657, 28.145833333333343, 28.1875, 28.229166666666657, 28.270833333333343, 28.3125, 28.354166666666657, 28.395833333333343, 28.4375, 28.479166666666657, 28.520833333333343, 28.5625, 28.604166666666657, 28.645833333333343, 28.6875, 28.729166666666657, 28.770833333333343, 28.8125, 28.854166666666657, 28.895833333333343, 28.9375, 28.979166666666657, 29.020833333333343, 29.0625, 29.104166666666657, 29.145833333333343, 29.1875, 29.229166666666657, 29.270833333333343, 29.3125, 29.354166666666657, 29.395833333333343, 29.4375, 29.479166666666657, 29.520833333333343, 29.5625, 29.604166666666657, 29.645833333333343, 29.6875, 29.729166666666657, 29.770833333333343, 29.8125, 29.854166666666657, 29.895833333333343, 29.9375, 29.979166666666657, 30.020833333333343, 30.0625, 30.104166666666657, 30.145833333333343, 30.1875, 30.229166666666657, 30.270833333333343, 30.3125, 30.354166666666657, 30.395833333333343, 30.4375, 30.479166666666657, 30.520833333333343, 30.5625, 30.604166666666657, 30.645833333333343, 30.6875, 30.729166666666657, 30.770833333333343, 30.8125, 30.854166666666657, 30.895833333333343, 30.9375, 30.979166666666657, 31.020833333333343, 31.0625, 31.104166666666657, 31.145833333333343, 31.1875, 31.229166666666657, 31.270833333333343, 31.3125, 31.354166666666657, 31.395833333333343, 31.4375, 31.479166666666657, 31.520833333333343, 31.5625, 31.604166666666657, 31.645833333333343, 31.6875, 31.729166666666657, 31.770833333333343, 31.8125, 31.854166666666657, 31.895833333333343, 31.9375, 31.979166666666657, 32.02083333333334, 32.0625, 32.10416666666666, 32.14583333333334, 32.1875, 32.22916666666666, 32.27083333333334, 32.3125, 32.35416666666666, 32.39583333333334, 32.4375, 32.47916666666666, 32.52083333333334, 32.5625, 32.60416666666666, 32.64583333333334, 32.6875, 32.72916666666666, 32.77083333333334, 32.8125, 32.85416666666666, 32.89583333333334, 32.9375, 32.97916666666666, 33.02083333333334, 33.0625, 33.10416666666666, 33.14583333333334, 33.1875, 33.22916666666666, 33.27083333333334, 33.3125, 33.35416666666666, 33.39583333333334, 33.4375, 33.47916666666666, 33.52083333333334, 33.5625, 33.60416666666666, 33.64583333333334, 33.6875, 33.72916666666666, 33.77083333333334, 33.8125, 33.85416666666666, 33.89583333333334, 33.9375, 33.97916666666666, 34.02083333333334, 34.0625, 34.10416666666666, 34.14583333333334, 34.1875, 34.22916666666666, 34.27083333333334, 34.3125, 34.35416666666666, 34.39583333333334, 34.4375, 34.47916666666666, 34.52083333333334, 34.5625, 34.60416666666666, 34.64583333333334, 34.6875, 34.72916666666666, 34.77083333333334, 34.8125, 34.85416666666666, 34.89583333333334, 34.9375, 34.97916666666666, 35.02083333333334, 35.0625, 35.10416666666666, 35.14583333333334, 35.1875, 35.22916666666666, 35.27083333333334, 35.3125, 35.35416666666666, 35.39583333333334, 35.4375, 35.47916666666666, 35.52083333333334, 35.5625, 35.60416666666666, 35.64583333333334, 35.6875, 35.72916666666666, 35.77083333333334, 35.8125, 35.85416666666666, 35.89583333333334, 35.9375, 35.97916666666666, 36.02083333333334, 36.0625, 36.10416666666666, 36.14583333333334, 36.1875, 36.22916666666666, 36.27083333333334, 36.3125, 36.35416666666666, 36.39583333333334, 36.4375, 36.47916666666666, 36.52083333333334, 36.5625, 36.60416666666666, 36.64583333333334, 36.6875, 36.72916666666666, 36.77083333333334, 36.8125, 36.85416666666666, 36.89583333333334, 36.9375, 36.97916666666666, 37.02083333333334, 37.0625, 37.10416666666666, 37.14583333333334, 37.1875, 37.22916666666666, 37.27083333333334, 37.3125, 37.35416666666666, 37.39583333333334, 37.4375, 37.47916666666666, 37.52083333333334, 37.5625, 37.60416666666666, 37.64583333333334, 37.6875, 37.72916666666666, 37.77083333333334, 37.8125, 37.85416666666666, 37.89583333333334, 37.9375, 37.97916666666666, 38.02083333333334, 38.0625, 38.10416666666666, 38.14583333333334, 38.1875, 38.22916666666666, 38.27083333333334, 38.3125, 38.35416666666666, 38.39583333333334, 38.4375, 38.47916666666666, 38.52083333333334, 38.5625, 38.60416666666666, 38.64583333333334, 38.6875, 38.72916666666666, 38.77083333333334, 38.8125, 38.85416666666666, 38.89583333333334, 38.9375, 38.97916666666666, 39.02083333333334, 39.0625, 39.10416666666666, 39.14583333333334, 39.1875, 39.22916666666666, 39.27083333333334, 39.3125, 39.35416666666666, 39.39583333333334, 39.4375, 39.47916666666666, 39.52083333333334, 39.5625, 39.60416666666666, 39.64583333333334, 39.6875, 39.72916666666666, 39.77083333333334, 39.8125, 39.85416666666666, 39.89583333333334, 39.9375, 39.97916666666666, 40.02083333333334, 40.0625, 40.10416666666666, 40.14583333333334, 40.1875, 40.22916666666666, 40.27083333333334, 40.3125, 40.35416666666666, 40.39583333333334, 40.4375, 40.47916666666666, 40.52083333333334, 40.5625, 40.60416666666666, 40.64583333333334, 40.6875, 40.72916666666666, 40.77083333333334, 40.8125, 40.85416666666666, 40.89583333333334, 40.9375, 40.97916666666666, 41.02083333333334, 41.0625, 41.10416666666666, 41.14583333333334, 41.1875, 41.22916666666666, 41.27083333333334, 41.3125, 41.35416666666666, 41.39583333333334, 41.4375, 41.47916666666666, 41.52083333333334, 41.5625, 41.60416666666666, 41.64583333333334, 41.6875, 41.72916666666666, 41.77083333333334, 41.8125, 41.85416666666666, 41.89583333333334, 41.9375, 41.97916666666666, 42.02083333333334, 42.0625, 42.10416666666666, 42.14583333333334, 42.1875, 42.22916666666666, 42.27083333333334, 42.3125, 42.35416666666666, 42.39583333333334, 42.4375, 42.47916666666666, 42.52083333333334, 42.5625, 42.60416666666666, 42.64583333333334, 42.6875, 42.72916666666666, 42.77083333333334, 42.8125, 42.85416666666666, 42.89583333333334, 42.9375, 42.97916666666666, 43.02083333333334, 43.0625, 43.10416666666666, 43.14583333333334, 43.1875, 43.22916666666666, 43.27083333333334, 43.3125, 43.35416666666666, 43.39583333333334, 43.4375, 43.47916666666666, 43.52083333333334, 43.5625, 43.60416666666666, 43.64583333333334, 43.6875, 43.72916666666666, 43.77083333333334, 43.8125, 43.85416666666666, 43.89583333333334, 43.9375, 43.97916666666666, 44.02083333333334, 44.0625, 44.10416666666666, 44.14583333333334, 44.1875, 44.22916666666666, 44.27083333333334, 44.3125, 44.35416666666666, 44.39583333333334, 44.4375, 44.47916666666666, 44.52083333333334, 44.5625, 44.60416666666666, 44.64583333333334, 44.6875, 44.72916666666666, 44.77083333333334, 44.8125, 44.85416666666666, 44.89583333333334, 44.9375, 44.97916666666666, 45.02083333333334, 45.0625, 45.10416666666666, 45.14583333333334, 45.1875, 45.22916666666666, 45.27083333333334, 45.3125, 45.35416666666666, 45.39583333333334, 45.4375, 45.47916666666666, 45.52083333333334, 45.5625, 45.60416666666666, 45.64583333333334, 45.6875, 45.72916666666666, 45.77083333333334, 45.8125, 45.85416666666666, 45.89583333333334, 45.9375, 45.97916666666666, 46.02083333333334, 46.0625, 46.10416666666666, 46.14583333333334, 46.1875, 46.22916666666666, 46.27083333333334, 46.3125, 46.35416666666666, 46.39583333333334, 46.4375, 46.47916666666666, 46.52083333333334, 46.5625, 46.60416666666666, 46.64583333333334, 46.6875, 46.72916666666666, 46.77083333333334, 46.8125, 46.85416666666666, 46.89583333333334, 46.9375, 46.97916666666666, 47.02083333333334, 47.0625, 47.10416666666666, 47.14583333333334, 47.1875, 47.22916666666666, 47.27083333333334, 47.3125, 47.35416666666666, 47.39583333333334, 47.4375, 47.47916666666666, 47.52083333333334, 47.5625, 47.60416666666666, 47.64583333333334, 47.6875, 47.72916666666666, 47.77083333333334, 47.8125, 47.85416666666666, 47.89583333333334, 47.9375, 47.97916666666666, 48.02083333333334, 48.0625, 48.10416666666666, 48.14583333333334, 48.1875, 48.22916666666666, 48.27083333333334, 48.3125, 48.35416666666666, 48.39583333333334, 48.4375, 48.47916666666666, 48.52083333333334, 48.5625, 48.60416666666666, 48.64583333333334, 48.6875, 48.72916666666666, 48.77083333333334, 48.8125, 48.85416666666666, 48.89583333333334, 48.9375, 48.97916666666666, 49.02083333333334, 49.0625, 49.10416666666666, 49.14583333333334, 49.1875, 49.22916666666666, 49.27083333333334, 49.3125, 49.35416666666666, 49.39583333333334, 49.4375, 49.47916666666666, 49.52083333333334, 49.5625, 49.60416666666666, 49.64583333333334, 49.6875, 49.72916666666666, 49.77083333333334, 49.8125, 49.85416666666666, 49.89583333333334, 49.9375, 49.97916666666666, 50.02083333333334, 50.0625, 50.10416666666666, 50.14583333333334, 50.1875, 50.22916666666666, 50.27083333333334, 50.3125, 50.35416666666666, 50.39583333333334, 50.4375, 50.47916666666666, 50.52083333333334, 50.5625, 50.60416666666666, 50.64583333333334, 50.6875, 50.72916666666666, 50.77083333333334, 50.8125, 50.85416666666666, 50.89583333333334, 50.9375, 50.97916666666666, 51.02083333333334, 51.0625, 51.10416666666666, 51.14583333333334, 51.1875, 51.22916666666666, 51.27083333333334, 51.3125, 51.35416666666666, 51.39583333333334, 51.4375, 51.47916666666666, 51.52083333333334, 51.5625, 51.60416666666666, 51.64583333333334, 51.6875, 51.72916666666666, 51.77083333333334, 51.8125, 51.85416666666666, 51.89583333333334, 51.9375, 51.97916666666666, 52.02083333333333, 52.0625, 52.10416666666666, 52.14583333333333, 52.1875, 52.22916666666666, 52.27083333333333, 52.3125, 52.35416666666666, 52.39583333333333, 52.4375, 52.47916666666666, 52.52083333333333, 52.5625, 52.60416666666666, 52.64583333333333, 52.6875, 52.72916666666666, 52.77083333333333, 52.8125, 52.85416666666666, 52.89583333333333, 52.9375, 52.97916666666666, 53.02083333333333, 53.0625, 53.10416666666666, 53.14583333333333, 53.1875, 53.22916666666666, 53.27083333333333, 53.3125, 53.35416666666666, 53.39583333333333, 53.4375, 53.47916666666666, 53.52083333333333, 53.5625, 53.60416666666666, 53.64583333333333, 53.6875, 53.72916666666666, 53.77083333333333, 53.8125, 53.85416666666666, 53.89583333333333, 53.9375, 53.97916666666666, 54.02083333333333, 54.0625, 54.10416666666666, 54.14583333333333, 54.1875, 54.22916666666666, 54.27083333333333, 54.3125, 54.35416666666666, 54.39583333333333, 54.4375, 54.47916666666666, 54.52083333333333, 54.5625, 54.60416666666666, 54.64583333333333, 54.6875, 54.72916666666666, 54.77083333333333, 54.8125, 54.85416666666666, 54.89583333333333, 54.9375, 54.97916666666666, 55.02083333333333, 55.0625, 55.10416666666666, 55.14583333333333, 55.1875, 55.22916666666666, 55.27083333333333, 55.3125, 55.35416666666666, 55.39583333333333, 55.4375, 55.47916666666666, 55.52083333333333, 55.5625, 55.60416666666666, 55.64583333333333, 55.6875, 55.72916666666666, 55.77083333333333, 55.8125, 55.85416666666666, 55.89583333333333, 55.9375, 55.97916666666666, 56.02083333333333, 56.0625, 56.10416666666666, 56.14583333333333, 56.1875, 56.22916666666666, 56.27083333333333, 56.3125, 56.35416666666666, 56.39583333333333, 56.4375, 56.47916666666666, 56.52083333333333, 56.5625, 56.60416666666666, 56.64583333333333, 56.6875, 56.72916666666666, 56.77083333333333, 56.8125, 56.85416666666666, 56.89583333333333, 56.9375, 56.97916666666666, 57.02083333333333, 57.0625, 57.10416666666666, 57.14583333333333, 57.1875, 57.22916666666666, 57.27083333333333, 57.3125, 57.35416666666666, 57.39583333333333, 57.4375, 57.47916666666666, 57.52083333333333, 57.5625, 57.60416666666666, 57.64583333333333, 57.6875, 57.72916666666666, 57.77083333333333, 57.8125, 57.85416666666666, 57.89583333333333, 57.9375, 57.97916666666666, 58.02083333333333, 58.0625, 58.10416666666666, 58.14583333333333, 58.1875, 58.22916666666666, 58.27083333333333, 58.3125, 58.35416666666666, 58.39583333333333, 58.4375, 58.47916666666666, 58.52083333333333, 58.5625, 58.60416666666666, 58.64583333333333, 58.6875, 58.72916666666666, 58.77083333333333, 58.8125, 58.85416666666666, 58.89583333333333, 58.9375, 58.97916666666666, 59.02083333333333, 59.0625, 59.10416666666666, 59.14583333333333, 59.1875, 59.22916666666666, 59.27083333333333, 59.3125, 59.35416666666666, 59.39583333333333, 59.4375, 59.47916666666666, 59.52083333333333, 59.5625, 59.60416666666666, 59.64583333333333, 59.6875, 59.72916666666666, 59.77083333333333, 59.8125, 59.85416666666666, 59.89583333333333, 59.9375, 59.97916666666666, 60.02083333333333, 60.0625, 60.10416666666666, 60.14583333333333, 60.1875, 60.22916666666666, 60.27083333333333, 60.3125, 60.35416666666666, 60.39583333333333, 60.4375, 60.47916666666666, 60.52083333333333, 60.5625, 60.60416666666666, 60.64583333333333, 60.6875, 60.72916666666666, 60.77083333333333, 60.8125, 60.85416666666666, 60.89583333333333, 60.9375, 60.97916666666666, 61.02083333333333, 61.0625, 61.10416666666666, 61.14583333333333, 61.1875, 61.22916666666666, 61.27083333333333, 61.3125, 61.35416666666666, 61.39583333333333, 61.4375, 61.47916666666666, 61.52083333333333, 61.5625, 61.60416666666666, 61.64583333333333, 61.6875, 61.72916666666666, 61.77083333333333, 61.8125, 61.85416666666666, 61.89583333333333, 61.9375, 61.97916666666666, 62.02083333333333, 62.0625, 62.10416666666666, 62.14583333333333, 62.1875, 62.22916666666666, 62.27083333333333, 62.3125, 62.35416666666666, 62.39583333333333, 62.4375, 62.47916666666666, 62.52083333333333, 62.5625, 62.60416666666666, 62.64583333333333, 62.6875, 62.72916666666666, 62.77083333333333, 62.8125, 62.85416666666666, 62.89583333333333, 62.9375, 62.97916666666666, 63.02083333333333, 63.0625, 63.10416666666666, 63.14583333333333, 63.1875, 63.22916666666666, 63.27083333333333, 63.3125, 63.35416666666666, 63.39583333333333, 63.4375, 63.47916666666666, 63.52083333333333, 63.5625, 63.60416666666666, 63.64583333333333, 63.6875, 63.72916666666666, 63.77083333333333, 63.8125, 63.85416666666666, 63.89583333333333, 63.9375, 63.97916666666666, 64.02083333333333, 64.0625, 64.10416666666666, 64.14583333333333, 64.1875, 64.22916666666666, 64.27083333333333, 64.3125, 64.35416666666666, 64.39583333333333, 64.4375, 64.47916666666666, 64.52083333333333, 64.5625, 64.60416666666666, 64.64583333333333, 64.6875, 64.72916666666666, 64.77083333333333, 64.8125, 64.85416666666666, 64.89583333333333, 64.9375, 64.97916666666666, 65.02083333333333, 65.0625, 65.10416666666666, 65.14583333333333, 65.1875, 65.22916666666666, 65.27083333333333, 65.3125, 65.35416666666666, 65.39583333333333, 65.4375, 65.47916666666666, 65.52083333333333, 65.5625, 65.60416666666666, 65.64583333333333, 65.6875, 65.72916666666666, 65.77083333333333, 65.8125, 65.85416666666666, 65.89583333333333, 65.9375, 65.97916666666666, 66.02083333333333, 66.0625, 66.10416666666666, 66.14583333333333, 66.1875, 66.22916666666666, 66.27083333333333, 66.3125, 66.35416666666666, 66.39583333333333, 66.4375, 66.47916666666666, 66.52083333333333, 66.5625, 66.60416666666666, 66.64583333333333, 66.6875, 66.72916666666666, 66.77083333333333, 66.8125, 66.85416666666666, 66.89583333333333, 66.9375, 66.97916666666666, 67.02083333333333, 67.0625, 67.10416666666666, 67.14583333333333, 67.1875, 67.22916666666666, 67.27083333333333, 67.3125, 67.35416666666666, 67.39583333333333, 67.4375, 67.47916666666666, 67.52083333333333, 67.5625, 67.60416666666666, 67.64583333333333, 67.6875, 67.72916666666666, 67.77083333333333, 67.8125, 67.85416666666666, 67.89583333333333, 67.9375, 67.97916666666666, 68.02083333333333, 68.0625, 68.10416666666666, 68.14583333333333, 68.1875, 68.22916666666666, 68.27083333333333, 68.3125, 68.35416666666666, 68.39583333333333, 68.4375, 68.47916666666666, 68.52083333333333, 68.5625, 68.60416666666666, 68.64583333333333, 68.6875, 68.72916666666666, 68.77083333333333, 68.8125, 68.85416666666666, 68.89583333333333, 68.9375, 68.97916666666666, 69.02083333333333, 69.0625, 69.10416666666666, 69.14583333333333, 69.1875, 69.22916666666666, 69.27083333333333, 69.3125, 69.35416666666666, 69.39583333333333, 69.4375, 69.47916666666666, 69.52083333333333, 69.5625, 69.60416666666666, 69.64583333333333, 69.6875, 69.72916666666666, 69.77083333333333, 69.8125, 69.85416666666666, 69.89583333333333, 69.9375, 69.97916666666666, 70.02083333333333, 70.0625, 70.10416666666666, 70.14583333333333, 70.1875, 70.22916666666666, 70.27083333333333, 70.3125, 70.35416666666666, 70.39583333333333, 70.4375, 70.47916666666666, 70.52083333333333, 70.5625, 70.60416666666666, 70.64583333333333, 70.6875, 70.72916666666666, 70.77083333333333, 70.8125, 70.85416666666666, 70.89583333333333, 70.9375, 70.97916666666666, 71.02083333333333, 71.0625, 71.10416666666666, 71.14583333333333, 71.1875, 71.22916666666666, 71.27083333333333, 71.3125, 71.35416666666666, 71.39583333333333, 71.4375, 71.47916666666666, 71.52083333333333, 71.5625, 71.60416666666666, 71.64583333333333, 71.6875, 71.72916666666666, 71.77083333333333, 71.8125, 71.85416666666666, 71.89583333333333, 71.9375, 71.97916666666666, 72.02083333333333, 72.0625, 72.10416666666666, 72.14583333333333, 72.1875, 72.22916666666666, 72.27083333333333, 72.3125, 72.35416666666666, 72.39583333333333, 72.4375, 72.47916666666666, 72.52083333333333, 72.5625, 72.60416666666666, 72.64583333333333, 72.6875, 72.72916666666666, 72.77083333333333, 72.8125, 72.85416666666666, 72.89583333333333, 72.9375, 72.97916666666666, 73.02083333333333, 73.0625, 73.10416666666666, 73.14583333333333, 73.1875, 73.22916666666666, 73.27083333333333, 73.3125, 73.35416666666666, 73.39583333333333, 73.4375, 73.47916666666666, 73.52083333333333, 73.5625, 73.60416666666666, 73.64583333333333, 73.6875, 73.72916666666666, 73.77083333333333, 73.8125, 73.85416666666666, 73.89583333333333, 73.9375, 73.97916666666666, 74.02083333333333, 74.0625, 74.10416666666666, 74.14583333333333, 74.1875, 74.22916666666666, 74.27083333333333, 74.3125, 74.35416666666666, 74.39583333333333, 74.4375, 74.47916666666666, 74.52083333333333, 74.5625, 74.60416666666666, 74.64583333333333, 74.6875, 74.72916666666666, 74.77083333333333, 74.8125, 74.85416666666666, 74.89583333333333, 74.9375, 74.97916666666666, 75.02083333333333, 75.0625, 75.10416666666666, 75.14583333333333, 75.1875, 75.22916666666666, 75.27083333333333, 75.3125, 75.35416666666666, 75.39583333333333, 75.4375, 75.47916666666666, 75.52083333333333, 75.5625, 75.60416666666666, 75.64583333333333, 75.6875, 75.72916666666666, 75.77083333333333, 75.8125, 75.85416666666666, 75.89583333333333, 75.9375, 75.97916666666666, 76.02083333333333, 76.0625, 76.10416666666666, 76.14583333333333, 76.1875, 76.22916666666666, 76.27083333333333, 76.3125, 76.35416666666666, 76.39583333333333, 76.4375, 76.47916666666666, 76.52083333333333, 76.5625, 76.60416666666666, 76.64583333333333, 76.6875, 76.72916666666666, 76.77083333333333, 76.8125, 76.85416666666666, 76.89583333333333, 76.9375, 76.97916666666666, 77.02083333333333, 77.0625, 77.10416666666666, 77.14583333333333, 77.1875, 77.22916666666666, 77.27083333333333, 77.3125, 77.35416666666666, 77.39583333333333, 77.4375, 77.47916666666666, 77.52083333333333, 77.5625, 77.60416666666666, 77.64583333333333, 77.6875, 77.72916666666666, 77.77083333333333, 77.8125, 77.85416666666666, 77.89583333333333, 77.9375, 77.97916666666666, 78.02083333333333, 78.0625, 78.10416666666666, 78.14583333333333, 78.1875, 78.22916666666666, 78.27083333333333, 78.3125, 78.35416666666666, 78.39583333333333, 78.4375, 78.47916666666666, 78.52083333333333, 78.5625, 78.60416666666666, 78.64583333333333, 78.6875, 78.72916666666666, 78.77083333333333, 78.8125, 78.85416666666666, 78.89583333333333, 78.9375, 78.97916666666666, 79.02083333333333, 79.0625, 79.10416666666666, 79.14583333333333, 79.1875, 79.22916666666666, 79.27083333333333, 79.3125, 79.35416666666666, 79.39583333333333, 79.4375, 79.47916666666666, 79.52083333333333, 79.5625, 79.60416666666666, 79.64583333333333, 79.6875, 79.72916666666666, 79.77083333333333, 79.8125, 79.85416666666666, 79.89583333333333, 79.9375, 79.97916666666666, 80.02083333333333, 80.0625, 80.10416666666666, 80.14583333333333, 80.1875, 80.22916666666666, 80.27083333333333, 80.3125, 80.35416666666666, 80.39583333333333, 80.4375, 80.47916666666666, 80.52083333333333, 80.5625, 80.60416666666666, 80.64583333333333, 80.6875, 80.72916666666666, 80.77083333333333, 80.8125, 80.85416666666666, 80.89583333333333, 80.9375, 80.97916666666666, 81.02083333333333, 81.0625, 81.10416666666666, 81.14583333333333, 81.1875, 81.22916666666666, 81.27083333333333, 81.3125, 81.35416666666666, 81.39583333333333, 81.4375, 81.47916666666666, 81.52083333333333, 81.5625, 81.60416666666666, 81.64583333333333, 81.6875, 81.72916666666666, 81.77083333333333, 81.8125, 81.85416666666666, 81.89583333333333, 81.9375, 81.97916666666666, 82.02083333333333, 82.0625, 82.10416666666666, 82.14583333333333, 82.1875, 82.22916666666666, 82.27083333333333, 82.3125, 82.35416666666666, 82.39583333333333, 82.4375, 82.47916666666666, 82.52083333333333, 82.5625, 82.60416666666666, 82.64583333333333, 82.6875, 82.72916666666666, 82.77083333333333, 82.8125, 82.85416666666666, 82.89583333333333, 82.9375, 82.97916666666666, 83.02083333333333, 83.0625, 83.10416666666666, 83.14583333333333, 83.1875, 83.22916666666666, 83.27083333333333, 83.3125, 83.35416666666666, 83.39583333333333, 83.4375, 83.47916666666666, 83.52083333333333, 83.5625, 83.60416666666666, 83.64583333333333, 83.6875, 83.72916666666666, 83.77083333333333, 83.8125, 83.85416666666666, 83.89583333333333, 83.9375, 83.97916666666666, 84.02083333333333, 84.0625, 84.10416666666666, 84.14583333333333, 84.1875, 84.22916666666666, 84.27083333333333, 84.3125, 84.35416666666666, 84.39583333333333, 84.4375, 84.47916666666666, 84.52083333333333, 84.5625, 84.60416666666666, 84.64583333333333, 84.6875, 84.72916666666666, 84.77083333333333, 84.8125, 84.85416666666666, 84.89583333333333, 84.9375, 84.97916666666666, 85.02083333333333, 85.0625, 85.10416666666666, 85.14583333333333, 85.1875, 85.22916666666666, 85.27083333333333, 85.3125, 85.35416666666666, 85.39583333333333, 85.4375, 85.47916666666666, 85.52083333333333, 85.5625, 85.60416666666666, 85.64583333333333, 85.6875, 85.72916666666666, 85.77083333333333, 85.8125, 85.85416666666666, 85.89583333333333, 85.9375, 85.97916666666666, 86.02083333333333, 86.0625, 86.10416666666666, 86.14583333333333, 86.1875, 86.22916666666666, 86.27083333333333, 86.3125, 86.35416666666666, 86.39583333333333, 86.4375, 86.47916666666666, 86.52083333333333, 86.5625, 86.60416666666666, 86.64583333333333, 86.6875, 86.72916666666666, 86.77083333333333, 86.8125, 86.85416666666666, 86.89583333333333, 86.9375, 86.97916666666666, 87.02083333333333, 87.0625, 87.10416666666666, 87.14583333333333, 87.1875, 87.22916666666666, 87.27083333333333, 87.3125, 87.35416666666666, 87.39583333333333, 87.4375, 87.47916666666666, 87.52083333333333, 87.5625, 87.60416666666666, 87.64583333333333, 87.6875, 87.72916666666666, 87.77083333333333, 87.8125, 87.85416666666666, 87.89583333333333, 87.9375, 87.97916666666666, 88.02083333333333, 88.0625, 88.10416666666666, 88.14583333333333, 88.1875, 88.22916666666666, 88.27083333333333, 88.3125, 88.35416666666666, 88.39583333333333, 88.4375, 88.47916666666666, 88.52083333333333, 88.5625, 88.60416666666666, 88.64583333333333, 88.6875, 88.72916666666666, 88.77083333333333, 88.8125, 88.85416666666666, 88.89583333333333, 88.9375, 88.97916666666666, 89.02083333333333, 89.0625, 89.10416666666666, 89.14583333333333, 89.1875, 89.22916666666666, 89.27083333333333, 89.3125, 89.35416666666666, 89.39583333333333, 89.4375, 89.47916666666666, 89.52083333333333, 89.5625, 89.60416666666666, 89.64583333333333, 89.6875, 89.72916666666666, 89.77083333333333, 89.8125, 89.85416666666666, 89.89583333333333, 89.9375, 89.97916666666666, 90.02083333333333, 90.0625, 90.10416666666666, 90.14583333333333, 90.1875, 90.22916666666666, 90.27083333333333, 90.3125, 90.35416666666666, 90.39583333333333, 90.4375, 90.47916666666666, 90.52083333333333, 90.5625, 90.60416666666666, 90.64583333333333, 90.6875, 90.72916666666666, 90.77083333333333, 90.8125, 90.85416666666666, 90.89583333333333, 90.9375, 90.97916666666666, 91.02083333333333, 91.0625, 91.10416666666666, 91.14583333333333, 91.1875, 91.22916666666666, 91.27083333333333, 91.3125, 91.35416666666666, 91.39583333333333, 91.4375, 91.47916666666666, 91.52083333333333, 91.5625, 91.60416666666666, 91.64583333333333, 91.6875, 91.72916666666666, 91.77083333333333, 91.8125, 91.85416666666666, 91.89583333333333, 91.9375, 91.97916666666666, 92.02083333333333, 92.0625, 92.10416666666666, 92.14583333333333, 92.1875, 92.22916666666666, 92.27083333333333, 92.3125, 92.35416666666666, 92.39583333333333, 92.4375, 92.47916666666666, 92.52083333333333, 92.5625, 92.60416666666666, 92.64583333333333, 92.6875, 92.72916666666666, 92.77083333333333, 92.8125, 92.85416666666666, 92.89583333333333, 92.9375, 92.97916666666666, 93.02083333333333, 93.0625, 93.10416666666666, 93.14583333333333, 93.1875, 93.22916666666666, 93.27083333333333, 93.3125, 93.35416666666666, 93.39583333333333, 93.4375, 93.47916666666666, 93.52083333333333, 93.5625, 93.60416666666666, 93.64583333333333, 93.6875, 93.72916666666666, 93.77083333333333, 93.8125, 93.85416666666666, 93.89583333333333, 93.9375, 93.97916666666666, 94.02083333333333, 94.0625, 94.10416666666666, 94.14583333333333, 94.1875, 94.22916666666666, 94.27083333333333, 94.3125, 94.35416666666666, 94.39583333333333, 94.4375, 94.47916666666666, 94.52083333333333, 94.5625, 94.60416666666666, 94.64583333333333, 94.6875, 94.72916666666666, 94.77083333333333, 94.8125, 94.85416666666666, 94.89583333333333, 94.9375, 94.97916666666666, 95.02083333333333, 95.0625, 95.10416666666666, 95.14583333333333, 95.1875, 95.22916666666666, 95.27083333333333, 95.3125, 95.35416666666666, 95.39583333333333, 95.4375, 95.47916666666666, 95.52083333333333, 95.5625, 95.60416666666666, 95.64583333333333, 95.6875, 95.72916666666666, 95.77083333333333, 95.8125, 95.85416666666666, 95.89583333333333, 95.9375, 95.97916666666666, 96.02083333333333, 96.0625, 96.10416666666666, 96.14583333333333, 96.1875, 96.22916666666666, 96.27083333333333, 96.3125, 96.35416666666666, 96.39583333333333, 96.4375, 96.47916666666666, 96.52083333333333, 96.5625, 96.60416666666666, 96.64583333333333, 96.6875, 96.72916666666666, 96.77083333333333, 96.8125, 96.85416666666666, 96.89583333333333, 96.9375, 96.97916666666666, 97.02083333333333, 97.0625, 97.10416666666666, 97.14583333333333, 97.1875, 97.22916666666666, 97.27083333333333, 97.3125, 97.35416666666666, 97.39583333333333, 97.4375, 97.47916666666666, 97.52083333333333, 97.5625, 97.60416666666666, 97.64583333333333, 97.6875, 97.72916666666666, 97.77083333333333, 97.8125, 97.85416666666666, 97.89583333333333, 97.9375, 97.97916666666666, 98.02083333333333, 98.0625, 98.10416666666666, 98.14583333333333, 98.1875, 98.22916666666666, 98.27083333333333, 98.3125, 98.35416666666666, 98.39583333333333, 98.4375, 98.47916666666666, 98.52083333333333, 98.5625, 98.60416666666666, 98.64583333333333, 98.6875, 98.72916666666666, 98.77083333333333, 98.8125, 98.85416666666666, 98.89583333333333, 98.9375, 98.97916666666666, 99.02083333333333, 99.0625, 99.10416666666666, 99.14583333333333, 99.1875, 99.22916666666666, 99.27083333333333, 99.3125, 99.35416666666666, 99.39583333333333, 99.4375, 99.47916666666666, 99.52083333333333, 99.5625, 99.60416666666666, 99.64583333333333, 99.6875, 99.72916666666666, 99.77083333333333, 99.8125, 99.85416666666666, 99.89583333333333, 99.9375, 99.97916666666666, 100.02083333333333, 100.0625, 100.10416666666666, 100.14583333333333, 100.1875, 100.22916666666666, 100.27083333333333, 100.3125, 100.35416666666666, 100.39583333333333, 100.4375, 100.47916666666666, 100.52083333333333, 100.5625, 100.60416666666666, 100.64583333333333, 100.6875, 100.72916666666666, 100.77083333333333, 100.8125, 100.85416666666666, 100.89583333333333, 100.9375, 100.97916666666666, 101.02083333333333, 101.0625, 101.10416666666666, 101.14583333333333, 101.1875, 101.22916666666666, 101.27083333333333, 101.3125, 101.35416666666666, 101.39583333333333, 101.4375, 101.47916666666666, 101.52083333333333, 101.5625, 101.60416666666666, 101.64583333333333, 101.6875, 101.72916666666666, 101.77083333333333, 101.8125, 101.85416666666666, 101.89583333333333, 101.9375, 101.97916666666666, 102.02083333333333, 102.0625, 102.10416666666666, 102.14583333333333, 102.1875, 102.22916666666666, 102.27083333333333, 102.3125, 102.35416666666666, 102.39583333333333, 102.4375, 102.47916666666666, 102.52083333333333, 102.5625, 102.60416666666666, 102.64583333333333, 102.6875, 102.72916666666666, 102.77083333333333, 102.8125, 102.85416666666666, 102.89583333333333, 102.9375, 102.97916666666666, 103.02083333333333, 103.0625, 103.10416666666666, 103.14583333333333, 103.1875, 103.22916666666666, 103.27083333333333, 103.3125, 103.35416666666666, 103.39583333333333, 103.4375, 103.47916666666666, 103.52083333333333, 103.5625, 103.60416666666666, 103.64583333333333, 103.6875, 103.72916666666666, 103.77083333333333, 103.8125, 103.85416666666666, 103.89583333333333, 103.9375, 103.97916666666666, 104.02083333333333, 104.0625, 104.10416666666666, 104.14583333333333, 104.1875, 104.22916666666666, 104.27083333333333, 104.3125, 104.35416666666666, 104.39583333333333, 104.4375, 104.47916666666666, 104.52083333333333, 104.5625, 104.60416666666666, 104.64583333333333, 104.6875, 104.72916666666666, 104.77083333333333, 104.8125, 104.85416666666666, 104.89583333333333, 104.9375, 104.97916666666666, 105.02083333333333, 105.0625, 105.10416666666666, 105.14583333333333, 105.1875, 105.22916666666666, 105.27083333333333, 105.3125, 105.35416666666666, 105.39583333333333, 105.4375, 105.47916666666666, 105.52083333333333, 105.5625, 105.60416666666666, 105.64583333333333, 105.6875, 105.72916666666666, 105.77083333333333, 105.8125, 105.85416666666666, 105.89583333333333, 105.9375, 105.97916666666666, 106.02083333333333, 106.0625, 106.10416666666666, 106.14583333333333, 106.1875, 106.22916666666666, 106.27083333333333, 106.3125, 106.35416666666666, 106.39583333333333, 106.4375, 106.47916666666666, 106.52083333333333, 106.5625, 106.60416666666666, 106.64583333333333, 106.6875, 106.72916666666666, 106.77083333333333, 106.8125, 106.85416666666666, 106.89583333333333, 106.9375, 106.97916666666666, 107.02083333333333, 107.0625, 107.10416666666666, 107.14583333333333, 107.1875, 107.22916666666666, 107.27083333333333, 107.3125, 107.35416666666666, 107.39583333333333, 107.4375, 107.47916666666666, 107.52083333333333, 107.5625, 107.60416666666666, 107.64583333333333, 107.6875, 107.72916666666666, 107.77083333333333, 107.8125, 107.85416666666666, 107.89583333333333, 107.9375, 107.97916666666666, 108.02083333333333, 108.0625, 108.10416666666666, 108.14583333333333, 108.1875, 108.22916666666666, 108.27083333333333, 108.3125, 108.35416666666666, 108.39583333333333, 108.4375, 108.47916666666666, 108.52083333333333, 108.5625, 108.60416666666666, 108.64583333333333, 108.6875, 108.72916666666666, 108.77083333333333, 108.8125, 108.85416666666666, 108.89583333333333, 108.9375, 108.97916666666666, 109.02083333333333, 109.0625, 109.10416666666666, 109.14583333333333, 109.1875, 109.22916666666666, 109.27083333333333, 109.3125, 109.35416666666666, 109.39583333333333, 109.4375, 109.47916666666666, 109.52083333333333, 109.5625, 109.60416666666666, 109.64583333333333, 109.6875, 109.72916666666666, 109.77083333333333, 109.8125, 109.85416666666666, 109.89583333333333, 109.9375, 109.97916666666666, 110.02083333333333, 110.0625, 110.10416666666666, 110.14583333333333, 110.1875, 110.22916666666666, 110.27083333333333, 110.3125, 110.35416666666666, 110.39583333333333, 110.4375, 110.47916666666666, 110.52083333333333, 110.5625, 110.60416666666666, 110.64583333333333, 110.6875, 110.72916666666666, 110.77083333333333, 110.8125, 110.85416666666666, 110.89583333333333, 110.9375, 110.97916666666666, 111.02083333333333, 111.0625, 111.10416666666666, 111.14583333333333, 111.1875, 111.22916666666666, 111.27083333333333, 111.3125, 111.35416666666666, 111.39583333333333, 111.4375, 111.47916666666666, 111.52083333333333, 111.5625, 111.60416666666666, 111.64583333333333, 111.6875, 111.72916666666666, 111.77083333333333, 111.8125, 111.85416666666666, 111.89583333333333, 111.9375, 111.97916666666666, 112.02083333333333, 112.0625, 112.10416666666666, 112.14583333333333, 112.1875, 112.22916666666666, 112.27083333333333, 112.3125, 112.35416666666666, 112.39583333333333, 112.4375, 112.47916666666666, 112.52083333333333, 112.5625, 112.60416666666666, 112.64583333333333, 112.6875, 112.72916666666666, 112.77083333333333, 112.8125, 112.85416666666666, 112.89583333333333, 112.9375, 112.97916666666666, 113.02083333333333, 113.0625, 113.10416666666666, 113.14583333333333, 113.1875, 113.22916666666666, 113.27083333333333, 113.3125, 113.35416666666666, 113.39583333333333, 113.4375, 113.47916666666666, 113.52083333333333, 113.5625, 113.60416666666666, 113.64583333333333, 113.6875, 113.72916666666666, 113.77083333333333, 113.8125, 113.85416666666666, 113.89583333333333, 113.9375, 113.97916666666666, 114.02083333333333, 114.0625, 114.10416666666666, 114.14583333333333, 114.1875, 114.22916666666666, 114.27083333333333, 114.3125, 114.35416666666666, 114.39583333333333, 114.4375, 114.47916666666666, 114.52083333333333, 114.5625, 114.60416666666666, 114.64583333333333, 114.6875, 114.72916666666666, 114.77083333333333, 114.8125, 114.85416666666666, 114.89583333333333, 114.9375, 114.97916666666666, 115.02083333333333, 115.0625, 115.10416666666666, 115.14583333333333, 115.1875, 115.22916666666666, 115.27083333333333, 115.3125, 115.35416666666666, 115.39583333333333, 115.4375, 115.47916666666666, 115.52083333333333, 115.5625, 115.60416666666666, 115.64583333333333, 115.6875, 115.72916666666666, 115.77083333333333, 115.8125, 115.85416666666666, 115.89583333333333, 115.9375, 115.97916666666666, 116.02083333333333, 116.0625, 116.10416666666666, 116.14583333333333, 116.1875, 116.22916666666666, 116.27083333333333, 116.3125, 116.35416666666666, 116.39583333333333, 116.4375, 116.47916666666666, 116.52083333333333, 116.5625, 116.60416666666666, 116.64583333333333, 116.6875, 116.72916666666666, 116.77083333333333, 116.8125, 116.85416666666666, 116.89583333333333, 116.9375, 116.97916666666666, 117.02083333333333, 117.0625, 117.10416666666666, 117.14583333333333, 117.1875, 117.22916666666666, 117.27083333333333, 117.3125, 117.35416666666666, 117.39583333333333, 117.4375, 117.47916666666666, 117.52083333333333, 117.5625, 117.60416666666666, 117.64583333333333, 117.6875, 117.72916666666666, 117.77083333333333, 117.8125, 117.85416666666666, 117.89583333333333, 117.9375, 117.97916666666666, 118.02083333333333, 118.0625, 118.10416666666666, 118.14583333333333, 118.1875, 118.22916666666666, 118.27083333333333, 118.3125, 118.35416666666666, 118.39583333333333, 118.4375, 118.47916666666666, 118.52083333333333, 118.5625, 118.60416666666666, 118.64583333333333, 118.6875, 118.72916666666666, 118.77083333333333, 118.8125, 118.85416666666666, 118.89583333333333, 118.9375, 118.97916666666666, 119.02083333333333, 119.0625, 119.10416666666666, 119.14583333333333, 119.1875, 119.22916666666666, 119.27083333333333, 119.3125, 119.35416666666666, 119.39583333333333, 119.4375, 119.47916666666666, 119.52083333333333, 119.5625, 119.60416666666666, 119.64583333333333, 119.6875, 119.72916666666666, 119.77083333333333, 119.8125, 119.85416666666666, 119.89583333333333, 119.9375, 119.97916666666666, 120.02083333333333, 120.0625, 120.10416666666666, 120.14583333333333, 120.1875, 120.22916666666666, 120.27083333333333, 120.3125, 120.35416666666666, 120.39583333333333, 120.4375, 120.47916666666666, 120.52083333333333, 120.5625, 120.60416666666666, 120.64583333333333, 120.6875, 120.72916666666666, 120.77083333333333, 120.8125, 120.85416666666666, 120.89583333333333, 120.9375, 120.97916666666666, 121.02083333333333, 121.0625, 121.10416666666666, 121.14583333333333, 121.1875, 121.22916666666666, 121.27083333333333, 121.3125, 121.35416666666666, 121.39583333333333, 121.4375, 121.47916666666666, 121.52083333333333, 121.5625, 121.60416666666666, 121.64583333333333, 121.6875, 121.72916666666666, 121.77083333333333, 121.8125, 121.85416666666666, 121.89583333333333, 121.9375, 121.97916666666666, 122.02083333333333, 122.0625, 122.10416666666666, 122.14583333333333, 122.1875, 122.22916666666666, 122.27083333333333, 122.3125, 122.35416666666666, 122.39583333333333, 122.4375, 122.47916666666666, 122.52083333333333, 122.5625, 122.60416666666666, 122.64583333333333, 122.6875, 122.72916666666666, 122.77083333333333, 122.8125, 122.85416666666666, 122.89583333333333, 122.9375, 122.97916666666666, 123.02083333333333, 123.0625, 123.10416666666666, 123.14583333333333, 123.1875, 123.22916666666666, 123.27083333333333, 123.3125, 123.35416666666666, 123.39583333333333, 123.4375, 123.47916666666666, 123.52083333333333, 123.5625, 123.60416666666666, 123.64583333333333, 123.6875, 123.72916666666666, 123.77083333333333, 123.8125, 123.85416666666666, 123.89583333333333, 123.9375, 123.97916666666666, 124.02083333333333, 124.0625, 124.10416666666666, 124.14583333333333, 124.1875, 124.22916666666666, 124.27083333333333, 124.3125, 124.35416666666666, 124.39583333333333, 124.4375, 124.47916666666666, 124.52083333333333, 124.5625, 124.60416666666666, 124.64583333333333, 124.6875, 124.72916666666666, 124.77083333333333, 124.8125, 124.85416666666666, 124.89583333333333, 124.9375, 124.97916666666666, 125.02083333333333, 125.0625, 125.10416666666666, 125.14583333333333, 125.1875, 125.22916666666666, 125.27083333333333, 125.3125, 125.35416666666666, 125.39583333333333, 125.4375, 125.47916666666666, 125.52083333333333, 125.5625, 125.60416666666666, 125.64583333333333, 125.6875, 125.72916666666666, 125.77083333333333, 125.8125, 125.85416666666666, 125.89583333333333, 125.9375, 125.97916666666666, 126.02083333333333, 126.0625, 126.10416666666666, 126.14583333333333, 126.1875, 126.22916666666666, 126.27083333333333, 126.3125, 126.35416666666666, 126.39583333333333, 126.4375, 126.47916666666666, 126.52083333333333, 126.5625, 126.60416666666666, 126.64583333333333, 126.6875, 126.72916666666666, 126.77083333333333, 126.8125, 126.85416666666666, 126.89583333333333, 126.9375, 126.97916666666666, 127.02083333333333, 127.0625, 127.10416666666666, 127.14583333333333, 127.1875, 127.22916666666666, 127.27083333333333, 127.3125, 127.35416666666666, 127.39583333333333, 127.4375, 127.47916666666666, 127.52083333333333, 127.5625, 127.60416666666666, 127.64583333333333, 127.6875, 127.72916666666666, 127.77083333333333, 127.8125, 127.85416666666666, 127.89583333333333, 127.9375, 127.97916666666666, 128.02083333333331, 128.0625, 128.10416666666666, 128.14583333333331, 128.1875, 128.22916666666666, 128.27083333333331, 128.3125, 128.35416666666666, 128.39583333333331, 128.4375, 128.47916666666666, 128.52083333333331, 128.5625, 128.60416666666666, 128.64583333333331, 128.6875, 128.72916666666666, 128.77083333333331, 128.8125, 128.85416666666666, 128.89583333333331, 128.9375, 128.97916666666666, 129.02083333333331, 129.0625, 129.10416666666666, 129.14583333333331, 129.1875, 129.22916666666666, 129.27083333333331, 129.3125, 129.35416666666666, 129.39583333333331, 129.4375, 129.47916666666666, 129.52083333333331, 129.5625, 129.60416666666666, 129.64583333333331, 129.6875, 129.72916666666666, 129.77083333333331, 129.8125, 129.85416666666666, 129.89583333333331, 129.9375, 129.97916666666666, 130.02083333333331, 130.0625, 130.10416666666666, 130.14583333333331, 130.1875, 130.22916666666666, 130.27083333333331, 130.3125, 130.35416666666666, 130.39583333333331, 130.4375, 130.47916666666666, 130.52083333333331, 130.5625, 130.60416666666666, 130.64583333333331, 130.6875, 130.72916666666666, 130.77083333333331, 130.8125, 130.85416666666666, 130.89583333333331, 130.9375, 130.97916666666666, 131.02083333333331, 131.0625, 131.10416666666666, 131.14583333333331, 131.1875, 131.22916666666666, 131.27083333333331, 131.3125, 131.35416666666666, 131.39583333333331, 131.4375, 131.47916666666666, 131.52083333333331, 131.5625, 131.60416666666666, 131.64583333333331, 131.6875, 131.72916666666666, 131.77083333333331, 131.8125, 131.85416666666666, 131.89583333333331, 131.9375, 131.97916666666666, 132.02083333333331, 132.0625, 132.10416666666666, 132.14583333333331, 132.1875, 132.22916666666666, 132.27083333333331, 132.3125, 132.35416666666666, 132.39583333333331, 132.4375, 132.47916666666666, 132.52083333333331, 132.5625, 132.60416666666666, 132.64583333333331, 132.6875, 132.72916666666666, 132.77083333333331, 132.8125, 132.85416666666666, 132.89583333333331, 132.9375, 132.97916666666666, 133.02083333333331, 133.0625, 133.10416666666666, 133.14583333333331, 133.1875, 133.22916666666666, 133.27083333333331, 133.3125, 133.35416666666666, 133.39583333333331, 133.4375, 133.47916666666666, 133.52083333333331, 133.5625, 133.60416666666666, 133.64583333333331, 133.6875, 133.72916666666666, 133.77083333333331, 133.8125, 133.85416666666666, 133.89583333333331, 133.9375, 133.97916666666666, 134.02083333333331, 134.0625, 134.10416666666666, 134.14583333333331, 134.1875, 134.22916666666666, 134.27083333333331, 134.3125, 134.35416666666666, 134.39583333333331, 134.4375, 134.47916666666666, 134.52083333333331, 134.5625, 134.60416666666666, 134.64583333333331, 134.6875, 134.72916666666666, 134.77083333333331, 134.8125, 134.85416666666666, 134.89583333333331, 134.9375, 134.97916666666666, 135.02083333333331, 135.0625, 135.10416666666666, 135.14583333333331, 135.1875, 135.22916666666666, 135.27083333333331, 135.3125, 135.35416666666666, 135.39583333333331, 135.4375, 135.47916666666666, 135.52083333333331, 135.5625, 135.60416666666666, 135.64583333333331, 135.6875, 135.72916666666666, 135.77083333333331, 135.8125, 135.85416666666666, 135.89583333333331, 135.9375, 135.97916666666666, 136.02083333333331, 136.0625, 136.10416666666666, 136.14583333333331, 136.1875, 136.22916666666666, 136.27083333333331, 136.3125, 136.35416666666666, 136.39583333333331, 136.4375, 136.47916666666666, 136.52083333333331, 136.5625, 136.60416666666666, 136.64583333333331, 136.6875, 136.72916666666666, 136.77083333333331, 136.8125, 136.85416666666666, 136.89583333333331, 136.9375, 136.97916666666666, 137.02083333333331, 137.0625, 137.10416666666666, 137.14583333333331, 137.1875, 137.22916666666666, 137.27083333333331, 137.3125, 137.35416666666666, 137.39583333333331, 137.4375, 137.47916666666666, 137.52083333333331, 137.5625, 137.60416666666666, 137.64583333333331, 137.6875, 137.72916666666666, 137.77083333333331, 137.8125, 137.85416666666666, 137.89583333333331, 137.9375, 137.97916666666666, 138.02083333333331, 138.0625, 138.10416666666666, 138.14583333333331, 138.1875, 138.22916666666666, 138.27083333333331, 138.3125, 138.35416666666666, 138.39583333333331, 138.4375, 138.47916666666666, 138.52083333333331, 138.5625, 138.60416666666666, 138.64583333333331, 138.6875, 138.72916666666666, 138.77083333333331, 138.8125, 138.85416666666666, 138.89583333333331, 138.9375, 138.97916666666666, 139.02083333333331, 139.0625, 139.10416666666666, 139.14583333333331, 139.1875, 139.22916666666666, 139.27083333333331, 139.3125, 139.35416666666666, 139.39583333333331, 139.4375, 139.47916666666666, 139.52083333333331, 139.5625, 139.60416666666666, 139.64583333333331, 139.6875, 139.72916666666666, 139.77083333333331, 139.8125, 139.85416666666666, 139.89583333333331, 139.9375, 139.97916666666666, 140.02083333333331, 140.0625, 140.10416666666666, 140.14583333333331, 140.1875, 140.22916666666666, 140.27083333333331, 140.3125, 140.35416666666666, 140.39583333333331, 140.4375, 140.47916666666666, 140.52083333333331, 140.5625, 140.60416666666666, 140.64583333333331, 140.6875, 140.72916666666666, 140.77083333333331, 140.8125, 140.85416666666666, 140.89583333333331, 140.9375, 140.97916666666666, 141.02083333333331, 141.0625, 141.10416666666666, 141.14583333333331, 141.1875, 141.22916666666666, 141.27083333333331, 141.3125, 141.35416666666666, 141.39583333333331, 141.4375, 141.47916666666666, 141.52083333333331, 141.5625, 141.60416666666666, 141.64583333333331, 141.6875, 141.72916666666666, 141.77083333333331, 141.8125, 141.85416666666666, 141.89583333333331, 141.9375, 141.97916666666666, 142.02083333333331, 142.0625, 142.10416666666666, 142.14583333333331, 142.1875, 142.22916666666666, 142.27083333333331, 142.3125, 142.35416666666666, 142.39583333333331, 142.4375, 142.47916666666666, 142.52083333333331, 142.5625, 142.60416666666666, 142.64583333333331, 142.6875, 142.72916666666666, 142.77083333333331, 142.8125, 142.85416666666666, 142.89583333333331, 142.9375, 142.97916666666666, 143.02083333333331, 143.0625, 143.10416666666666, 143.14583333333331, 143.1875, 143.22916666666666, 143.27083333333331, 143.3125, 143.35416666666666, 143.39583333333331, 143.4375, 143.47916666666666, 143.52083333333331, 143.5625, 143.60416666666666, 143.64583333333331, 143.6875, 143.72916666666666, 143.77083333333331, 143.8125, 143.85416666666666, 143.89583333333331, 143.9375, 143.97916666666666, 144.02083333333331, 144.0625, 144.10416666666666, 144.14583333333331, 144.1875, 144.22916666666666, 144.27083333333331, 144.3125, 144.35416666666666, 144.39583333333331, 144.4375, 144.47916666666666, 144.52083333333331, 144.5625, 144.60416666666666, 144.64583333333331, 144.6875, 144.72916666666666, 144.77083333333331, 144.8125, 144.85416666666666, 144.89583333333331, 144.9375, 144.97916666666666, 145.02083333333331, 145.0625, 145.10416666666666, 145.14583333333331, 145.1875, 145.22916666666666, 145.27083333333331, 145.3125, 145.35416666666666, 145.39583333333331, 145.4375, 145.47916666666666, 145.52083333333331, 145.5625, 145.60416666666666, 145.64583333333331, 145.6875, 145.72916666666666, 145.77083333333331, 145.8125, 145.85416666666666, 145.89583333333331, 145.9375, 145.97916666666666, 146.02083333333331, 146.0625, 146.10416666666666, 146.14583333333331, 146.1875, 146.22916666666666, 146.27083333333331, 146.3125, 146.35416666666666, 146.39583333333331, 146.4375, 146.47916666666666, 146.52083333333331, 146.5625, 146.60416666666666, 146.64583333333331, 146.6875, 146.72916666666666, 146.77083333333331, 146.8125, 146.85416666666666, 146.89583333333331, 146.9375, 146.97916666666666, 147.02083333333331, 147.0625, 147.10416666666666, 147.14583333333331, 147.1875, 147.22916666666666, 147.27083333333331, 147.3125, 147.35416666666666, 147.39583333333331, 147.4375, 147.47916666666666, 147.52083333333331, 147.5625, 147.60416666666666, 147.64583333333331, 147.6875, 147.72916666666666, 147.77083333333331, 147.8125, 147.85416666666666, 147.89583333333331, 147.9375, 147.97916666666666, 148.02083333333331, 148.0625, 148.10416666666666, 148.14583333333331, 148.1875, 148.22916666666666, 148.27083333333331, 148.3125, 148.35416666666666, 148.39583333333331, 148.4375, 148.47916666666666, 148.52083333333331, 148.5625, 148.60416666666666, 148.64583333333331, 148.6875, 148.72916666666666, 148.77083333333331, 148.8125, 148.85416666666666, 148.89583333333331, 148.9375, 148.97916666666666, 149.02083333333331, 149.0625, 149.10416666666666, 149.14583333333331, 149.1875, 149.22916666666666, 149.27083333333331, 149.3125, 149.35416666666666, 149.39583333333331, 149.4375, 149.47916666666666, 149.52083333333331, 149.5625, 149.60416666666666, 149.64583333333331, 149.6875, 149.72916666666666, 149.77083333333331, 149.8125, 149.85416666666666, 149.89583333333331, 149.9375, 149.97916666666666, 150.02083333333331, 150.0625, 150.10416666666666, 150.14583333333331, 150.1875, 150.22916666666666, 150.27083333333331, 150.3125, 150.35416666666666, 150.39583333333331, 150.4375, 150.47916666666666, 150.52083333333331, 150.5625, 150.60416666666666, 150.64583333333331, 150.6875, 150.72916666666666, 150.77083333333331, 150.8125, 150.85416666666666, 150.89583333333331, 150.9375, 150.97916666666666, 151.02083333333331, 151.0625, 151.10416666666666, 151.14583333333331, 151.1875, 151.22916666666666, 151.27083333333331, 151.3125, 151.35416666666666, 151.39583333333331, 151.4375, 151.47916666666666, 151.52083333333331, 151.5625, 151.60416666666666, 151.64583333333331, 151.6875, 151.72916666666666, 151.77083333333331, 151.8125, 151.85416666666666, 151.89583333333331, 151.9375, 151.97916666666666, 152.02083333333331, 152.0625, 152.10416666666666, 152.14583333333331, 152.1875, 152.22916666666666, 152.27083333333331, 152.3125, 152.35416666666666, 152.39583333333331, 152.4375, 152.47916666666666, 152.52083333333331, 152.5625, 152.60416666666666, 152.64583333333331, 152.6875, 152.72916666666666, 152.77083333333331, 152.8125, 152.85416666666666, 152.89583333333331, 152.9375, 152.97916666666666, 153.02083333333331, 153.0625, 153.10416666666666, 153.14583333333331, 153.1875, 153.22916666666666, 153.27083333333331, 153.3125, 153.35416666666666, 153.39583333333331, 153.4375, 153.47916666666666, 153.52083333333331, 153.5625, 153.60416666666666, 153.64583333333331, 153.6875, 153.72916666666666, 153.77083333333331, 153.8125, 153.85416666666666, 153.89583333333331, 153.9375, 153.97916666666666, 154.02083333333331, 154.0625, 154.10416666666666, 154.14583333333331, 154.1875, 154.22916666666666, 154.27083333333331, 154.3125, 154.35416666666666, 154.39583333333331, 154.4375, 154.47916666666666, 154.52083333333331, 154.5625, 154.60416666666666, 154.64583333333331, 154.6875, 154.72916666666666, 154.77083333333331, 154.8125, 154.85416666666666, 154.89583333333331, 154.9375, 154.97916666666666, 155.02083333333331, 155.0625, 155.10416666666666, 155.14583333333331, 155.1875, 155.22916666666666, 155.27083333333331, 155.3125, 155.35416666666666, 155.39583333333331, 155.4375, 155.47916666666666, 155.52083333333331, 155.5625, 155.60416666666666, 155.64583333333331, 155.6875, 155.72916666666666, 155.77083333333331, 155.8125, 155.85416666666666, 155.89583333333331, 155.9375, 155.97916666666666, 156.02083333333331, 156.0625, 156.10416666666666, 156.14583333333331, 156.1875, 156.22916666666666, 156.27083333333331, 156.3125, 156.35416666666666, 156.39583333333331, 156.4375, 156.47916666666666, 156.52083333333331, 156.5625, 156.60416666666666, 156.64583333333331, 156.6875, 156.72916666666666, 156.77083333333331, 156.8125, 156.85416666666666, 156.89583333333331, 156.9375, 156.97916666666666, 157.02083333333331, 157.0625, 157.10416666666666, 157.14583333333331, 157.1875, 157.22916666666666, 157.27083333333331, 157.3125, 157.35416666666666, 157.39583333333331, 157.4375, 157.47916666666666, 157.52083333333331, 157.5625, 157.60416666666666, 157.64583333333331, 157.6875, 157.72916666666666, 157.77083333333331, 157.8125, 157.85416666666666, 157.89583333333331, 157.9375, 157.97916666666666, 158.02083333333331, 158.0625, 158.10416666666666, 158.14583333333331, 158.1875, 158.22916666666666, 158.27083333333331, 158.3125, 158.35416666666666, 158.39583333333331, 158.4375, 158.47916666666666, 158.52083333333331, 158.5625, 158.60416666666666, 158.64583333333331, 158.6875, 158.72916666666666, 158.77083333333331, 158.8125, 158.85416666666666, 158.89583333333331, 158.9375, 158.97916666666666, 159.02083333333331, 159.0625, 159.10416666666666, 159.14583333333331, 159.1875, 159.22916666666666, 159.27083333333331, 159.3125, 159.35416666666666, 159.39583333333331, 159.4375, 159.47916666666666, 159.52083333333331, 159.5625, 159.60416666666666, 159.64583333333331, 159.6875, 159.72916666666666, 159.77083333333331, 159.8125, 159.85416666666666, 159.89583333333331, 159.9375, 159.97916666666666, 160.02083333333331, 160.0625, 160.10416666666666, 160.14583333333331, 160.1875, 160.22916666666666, 160.27083333333331, 160.3125, 160.35416666666666, 160.39583333333331, 160.4375, 160.47916666666666, 160.52083333333331, 160.5625, 160.60416666666666, 160.64583333333331, 160.6875, 160.72916666666666, 160.77083333333331, 160.8125, 160.85416666666666, 160.89583333333331, 160.9375, 160.97916666666666, 161.02083333333331, 161.0625, 161.10416666666666, 161.14583333333331, 161.1875, 161.22916666666666, 161.27083333333331, 161.3125, 161.35416666666666, 161.39583333333331, 161.4375, 161.47916666666666, 161.52083333333331, 161.5625, 161.60416666666666, 161.64583333333331, 161.6875, 161.72916666666666, 161.77083333333331, 161.8125, 161.85416666666666, 161.89583333333331, 161.9375, 161.97916666666666, 162.02083333333331, 162.0625, 162.10416666666666, 162.14583333333331, 162.1875, 162.22916666666666, 162.27083333333331, 162.3125, 162.35416666666666, 162.39583333333331, 162.4375, 162.47916666666666, 162.52083333333331, 162.5625, 162.60416666666666, 162.64583333333331, 162.6875, 162.72916666666666, 162.77083333333331, 162.8125, 162.85416666666666, 162.89583333333331, 162.9375, 162.97916666666666, 163.02083333333331, 163.0625, 163.10416666666666, 163.14583333333331, 163.1875, 163.22916666666666, 163.27083333333331, 163.3125, 163.35416666666666, 163.39583333333331, 163.4375, 163.47916666666666, 163.52083333333331, 163.5625, 163.60416666666666, 163.64583333333331, 163.6875, 163.72916666666666, 163.77083333333331, 163.8125, 163.85416666666666, 163.89583333333331, 163.9375, 163.97916666666666, 164.02083333333331, 164.0625, 164.10416666666666, 164.14583333333331, 164.1875, 164.22916666666666, 164.27083333333331, 164.3125, 164.35416666666666, 164.39583333333331, 164.4375, 164.47916666666666, 164.52083333333331, 164.5625, 164.60416666666666, 164.64583333333331, 164.6875, 164.72916666666666, 164.77083333333331, 164.8125, 164.85416666666666, 164.89583333333331, 164.9375, 164.97916666666666, 165.02083333333331, 165.0625, 165.10416666666666, 165.14583333333331, 165.1875, 165.22916666666666, 165.27083333333331, 165.3125, 165.35416666666666, 165.39583333333331, 165.4375, 165.47916666666666, 165.52083333333331, 165.5625, 165.60416666666666, 165.64583333333331, 165.6875, 165.72916666666666, 165.77083333333331, 165.8125, 165.85416666666666, 165.89583333333331, 165.9375, 165.97916666666666, 166.02083333333331, 166.0625, 166.10416666666666, 166.14583333333331, 166.1875, 166.22916666666666, 166.27083333333331, 166.3125, 166.35416666666666, 166.39583333333331, 166.4375, 166.47916666666666, 166.52083333333331, 166.5625, 166.60416666666666, 166.64583333333331, 166.6875, 166.72916666666666, 166.77083333333331, 166.8125, 166.85416666666666, 166.89583333333331, 166.9375, 166.97916666666666, 167.02083333333331, 167.0625, 167.10416666666666, 167.14583333333331, 167.1875, 167.22916666666666, 167.27083333333331, 167.3125, 167.35416666666666, 167.39583333333331, 167.4375, 167.47916666666666, 167.52083333333331, 167.5625, 167.60416666666666, 167.64583333333331, 167.6875, 167.72916666666666, 167.77083333333331, 167.8125, 167.85416666666666, 167.89583333333331, 167.9375, 167.97916666666666, 168.02083333333331, 168.0625, 168.10416666666666, 168.14583333333331, 168.1875, 168.22916666666666, 168.27083333333331, 168.3125, 168.35416666666666, 168.39583333333331, 168.4375, 168.47916666666666, 168.52083333333331, 168.5625, 168.60416666666666, 168.64583333333331, 168.6875, 168.72916666666666, 168.77083333333331, 168.8125, 168.85416666666666, 168.89583333333331, 168.9375, 168.97916666666666, 169.02083333333331, 169.0625, 169.10416666666666, 169.14583333333331, 169.1875, 169.22916666666666, 169.27083333333331, 169.3125, 169.35416666666666, 169.39583333333331, 169.4375, 169.47916666666666, 169.52083333333331, 169.5625, 169.60416666666666, 169.64583333333331, 169.6875, 169.72916666666666, 169.77083333333331, 169.8125, 169.85416666666666, 169.89583333333331, 169.9375, 169.97916666666666, 170.02083333333331, 170.0625, 170.10416666666666, 170.14583333333331, 170.1875, 170.22916666666666, 170.27083333333331, 170.3125, 170.35416666666666, 170.39583333333331, 170.4375, 170.47916666666666, 170.52083333333331, 170.5625, 170.60416666666666, 170.64583333333331, 170.6875, 170.72916666666666, 170.77083333333331, 170.8125, 170.85416666666666, 170.89583333333331, 170.9375, 170.97916666666666, 171.02083333333331, 171.0625, 171.10416666666666, 171.14583333333331, 171.1875, 171.22916666666666, 171.27083333333331, 171.3125, 171.35416666666666, 171.39583333333331, 171.4375, 171.47916666666666, 171.52083333333331, 171.5625, 171.60416666666666, 171.64583333333331, 171.6875, 171.72916666666666, 171.77083333333331, 171.8125, 171.85416666666666, 171.89583333333331, 171.9375, 171.97916666666666, 172.02083333333331, 172.0625, 172.10416666666666, 172.14583333333331, 172.1875, 172.22916666666666, 172.27083333333331, 172.3125, 172.35416666666666, 172.39583333333331, 172.4375, 172.47916666666666, 172.52083333333331, 172.5625, 172.60416666666666, 172.64583333333331, 172.6875, 172.72916666666666, 172.77083333333331, 172.8125, 172.85416666666666, 172.89583333333331, 172.9375, 172.97916666666666, 173.02083333333331, 173.0625, 173.10416666666666, 173.14583333333331, 173.1875, 173.22916666666666, 173.27083333333331, 173.3125, 173.35416666666666, 173.39583333333331, 173.4375, 173.47916666666666, 173.52083333333331, 173.5625, 173.60416666666666, 173.64583333333331, 173.6875, 173.72916666666666, 173.77083333333331, 173.8125, 173.85416666666666, 173.89583333333331, 173.9375, 173.97916666666666, 174.02083333333331, 174.0625, 174.10416666666666, 174.14583333333331, 174.1875, 174.22916666666666, 174.27083333333331, 174.3125, 174.35416666666666, 174.39583333333331, 174.4375, 174.47916666666666, 174.52083333333331, 174.5625, 174.60416666666666, 174.64583333333331, 174.6875, 174.72916666666666, 174.77083333333331, 174.8125, 174.85416666666666, 174.89583333333331, 174.9375, 174.97916666666666, 175.02083333333331, 175.0625, 175.10416666666666, 175.14583333333331, 175.1875, 175.22916666666666, 175.27083333333331, 175.3125, 175.35416666666666, 175.39583333333331, 175.4375, 175.47916666666666, 175.52083333333331, 175.5625, 175.60416666666666, 175.64583333333331, 175.6875, 175.72916666666666, 175.77083333333331, 175.8125, 175.85416666666666, 175.89583333333331, 175.9375, 175.97916666666666, 176.02083333333331, 176.0625, 176.10416666666666, 176.14583333333331, 176.1875, 176.22916666666666, 176.27083333333331, 176.3125, 176.35416666666666, 176.39583333333331, 176.4375, 176.47916666666666, 176.52083333333331, 176.5625, 176.60416666666666, 176.64583333333331, 176.6875, 176.72916666666666, 176.77083333333331, 176.8125, 176.85416666666666, 176.89583333333331, 176.9375, 176.97916666666666, 177.02083333333331, 177.0625, 177.10416666666666, 177.14583333333331, 177.1875, 177.22916666666666, 177.27083333333331, 177.3125, 177.35416666666666, 177.39583333333331, 177.4375, 177.47916666666666, 177.52083333333331, 177.5625, 177.60416666666666, 177.64583333333331, 177.6875, 177.72916666666666, 177.77083333333331, 177.8125, 177.85416666666666, 177.89583333333331, 177.9375, 177.97916666666666, 178.02083333333331, 178.0625, 178.10416666666666, 178.14583333333331, 178.1875, 178.22916666666666, 178.27083333333331, 178.3125, 178.35416666666666, 178.39583333333331, 178.4375, 178.47916666666666, 178.52083333333331, 178.5625, 178.60416666666666, 178.64583333333331, 178.6875, 178.72916666666666, 178.77083333333331, 178.8125, 178.85416666666666, 178.89583333333331, 178.9375, 178.97916666666666, 179.02083333333331, 179.0625, 179.10416666666666, 179.14583333333331, 179.1875, 179.22916666666666, 179.27083333333331, 179.3125, 179.35416666666666, 179.39583333333331, 179.4375, 179.47916666666666, 179.52083333333331, 179.5625, 179.60416666666666, 179.64583333333331, 179.6875, 179.72916666666666, 179.77083333333331, 179.8125, 179.85416666666666, 179.89583333333331, 179.9375, 179.97916666666666

crs[1]
3

lat[4320]
89.97916666666667, 89.9375, 89.89583333333334, 89.85416666666667, 89.8125, 89.77083333333334, 89.72916666666667, 89.6875, 89.64583333333334, 89.60416666666667, 89.5625, 89.52083333333334, 89.47916666666667, 89.4375, 89.39583333333334, 89.35416666666667, 89.3125, 89.27083333333334, 89.22916666666667, 89.1875, 89.14583333333334, 89.10416666666667, 89.0625, 89.02083333333334, 88.97916666666667, 88.9375, 88.89583333333334, 88.85416666666667, 88.8125, 88.77083333333334, 88.72916666666667, 88.6875, 88.64583333333334, 88.60416666666667, 88.5625, 88.52083333333334, 88.47916666666667, 88.4375, 88.39583333333334, 88.35416666666667, 88.3125, 88.27083333333334, 88.22916666666667, 88.1875, 88.14583333333334, 88.10416666666667, 88.0625, 88.02083333333334, 87.97916666666667, 87.9375, 87.89583333333334, 87.85416666666667, 87.8125, 87.77083333333334, 87.72916666666667, 87.6875, 87.64583333333334, 87.60416666666667, 87.5625, 87.52083333333334, 87.47916666666667, 87.4375, 87.39583333333334, 87.35416666666667, 87.3125, 87.27083333333334, 87.22916666666667, 87.1875, 87.14583333333334, 87.10416666666667, 87.0625, 87.02083333333334, 86.97916666666667, 86.9375, 86.89583333333334, 86.85416666666667, 86.8125, 86.77083333333334, 86.72916666666667, 86.6875, 86.64583333333334, 86.60416666666667, 86.5625, 86.52083333333334, 86.47916666666667, 86.4375, 86.39583333333334, 86.35416666666667, 86.3125, 86.27083333333334, 86.22916666666667, 86.1875, 86.14583333333334, 86.10416666666667, 86.0625, 86.02083333333334, 85.97916666666667, 85.9375, 85.89583333333334, 85.85416666666667, 85.8125, 85.77083333333334, 85.72916666666667, 85.6875, 85.64583333333334, 85.60416666666667, 85.5625, 85.52083333333334, 85.47916666666667, 85.4375, 85.39583333333334, 85.35416666666667, 85.3125, 85.27083333333334, 85.22916666666667, 85.1875, 85.14583333333334, 85.10416666666667, 85.0625, 85.02083333333334, 84.97916666666667, 84.9375, 84.89583333333334, 84.85416666666667, 84.8125, 84.77083333333334, 84.72916666666667, 84.6875, 84.64583333333334, 84.60416666666667, 84.5625, 84.52083333333334, 84.47916666666667, 84.4375, 84.39583333333334, 84.35416666666667, 84.3125, 84.27083333333334, 84.22916666666667, 84.1875, 84.14583333333334, 84.10416666666667, 84.0625, 84.02083333333334, 83.97916666666667, 83.9375, 83.89583333333334, 83.85416666666667, 83.8125, 83.77083333333334, 83.72916666666667, 83.6875, 83.64583333333334, 83.60416666666667, 83.5625, 83.52083333333334, 83.47916666666667, 83.4375, 83.39583333333334, 83.35416666666667, 83.3125, 83.27083333333334, 83.22916666666667, 83.1875, 83.14583333333334, 83.10416666666667, 83.0625, 83.02083333333334, 82.97916666666667, 82.9375, 82.89583333333334, 82.85416666666667, 82.8125, 82.77083333333334, 82.72916666666667, 82.6875, 82.64583333333334, 82.60416666666667, 82.5625, 82.52083333333334, 82.47916666666667, 82.4375, 82.39583333333334, 82.35416666666667, 82.3125, 82.27083333333334, 82.22916666666667, 82.1875, 82.14583333333334, 82.10416666666667, 82.0625, 82.02083333333334, 81.97916666666667, 81.9375, 81.89583333333334, 81.85416666666667, 81.8125, 81.77083333333334, 81.72916666666667, 81.6875, 81.64583333333334, 81.60416666666667, 81.5625, 81.52083333333334, 81.47916666666667, 81.4375, 81.39583333333334, 81.35416666666667, 81.3125, 81.27083333333334, 81.22916666666667, 81.1875, 81.14583333333334, 81.10416666666667, 81.0625, 81.02083333333334, 80.97916666666667, 80.9375, 80.89583333333334, 80.85416666666667, 80.8125, 80.77083333333334, 80.72916666666667, 80.6875, 80.64583333333334, 80.60416666666667, 80.5625, 80.52083333333334, 80.47916666666667, 80.4375, 80.39583333333334, 80.35416666666667, 80.3125, 80.27083333333334, 80.22916666666667, 80.1875, 80.14583333333334, 80.10416666666667, 80.0625, 80.02083333333334, 79.97916666666667, 79.9375, 79.89583333333334, 79.85416666666667, 79.8125, 79.77083333333334, 79.72916666666667, 79.6875, 79.64583333333334, 79.60416666666667, 79.5625, 79.52083333333334, 79.47916666666667, 79.4375, 79.39583333333334, 79.35416666666667, 79.3125, 79.27083333333334, 79.22916666666667, 79.1875, 79.14583333333334, 79.10416666666667, 79.0625, 79.02083333333334, 78.97916666666667, 78.9375, 78.89583333333334, 78.85416666666667, 78.8125, 78.77083333333334, 78.72916666666667, 78.6875, 78.64583333333334, 78.60416666666667, 78.5625, 78.52083333333334, 78.47916666666667, 78.4375, 78.39583333333334, 78.35416666666667, 78.3125, 78.27083333333334, 78.22916666666667, 78.1875, 78.14583333333334, 78.10416666666667, 78.0625, 78.02083333333334, 77.97916666666667, 77.9375, 77.89583333333334, 77.85416666666667, 77.8125, 77.77083333333334, 77.72916666666667, 77.6875, 77.64583333333334, 77.60416666666667, 77.5625, 77.52083333333334, 77.47916666666667, 77.4375, 77.39583333333334, 77.35416666666667, 77.3125, 77.27083333333334, 77.22916666666667, 77.1875, 77.14583333333334, 77.10416666666667, 77.0625, 77.02083333333334, 76.97916666666667, 76.9375, 76.89583333333334, 76.85416666666667, 76.8125, 76.77083333333334, 76.72916666666667, 76.6875, 76.64583333333334, 76.60416666666667, 76.5625, 76.52083333333334, 76.47916666666667, 76.4375, 76.39583333333334, 76.35416666666667, 76.3125, 76.27083333333334, 76.22916666666667, 76.1875, 76.14583333333334, 76.10416666666667, 76.0625, 76.02083333333334, 75.97916666666667, 75.9375, 75.89583333333334, 75.85416666666667, 75.8125, 75.77083333333334, 75.72916666666667, 75.6875, 75.64583333333334, 75.60416666666667, 75.5625, 75.52083333333334, 75.47916666666667, 75.4375, 75.39583333333334, 75.35416666666667, 75.3125, 75.27083333333334, 75.22916666666667, 75.1875, 75.14583333333334, 75.10416666666667, 75.0625, 75.02083333333334, 74.97916666666667, 74.9375, 74.89583333333334, 74.85416666666667, 74.8125, 74.77083333333334, 74.72916666666667, 74.6875, 74.64583333333334, 74.60416666666667, 74.5625, 74.52083333333334, 74.47916666666667, 74.4375, 74.39583333333334, 74.35416666666667, 74.3125, 74.27083333333334, 74.22916666666667, 74.1875, 74.14583333333334, 74.10416666666667, 74.0625, 74.02083333333334, 73.97916666666667, 73.9375, 73.89583333333334, 73.85416666666667, 73.8125, 73.77083333333334, 73.72916666666667, 73.6875, 73.64583333333334, 73.60416666666667, 73.5625, 73.52083333333334, 73.47916666666667, 73.4375, 73.39583333333334, 73.35416666666667, 73.3125, 73.27083333333334, 73.22916666666667, 73.1875, 73.14583333333334, 73.10416666666667, 73.0625, 73.02083333333334, 72.97916666666667, 72.9375, 72.89583333333334, 72.85416666666667, 72.8125, 72.77083333333334, 72.72916666666667, 72.6875, 72.64583333333334, 72.60416666666667, 72.5625, 72.52083333333334, 72.47916666666667, 72.4375, 72.39583333333334, 72.35416666666667, 72.3125, 72.27083333333334, 72.22916666666667, 72.1875, 72.14583333333334, 72.10416666666667, 72.0625, 72.02083333333334, 71.97916666666667, 71.9375, 71.89583333333334, 71.85416666666667, 71.8125, 71.77083333333334, 71.72916666666667, 71.6875, 71.64583333333334, 71.60416666666667, 71.5625, 71.52083333333334, 71.47916666666667, 71.4375, 71.39583333333334, 71.35416666666667, 71.3125, 71.27083333333334, 71.22916666666667, 71.1875, 71.14583333333334, 71.10416666666667, 71.0625, 71.02083333333334, 70.97916666666667, 70.9375, 70.89583333333334, 70.85416666666667, 70.8125, 70.77083333333334, 70.72916666666667, 70.6875, 70.64583333333334, 70.60416666666667, 70.5625, 70.52083333333334, 70.47916666666667, 70.4375, 70.39583333333334, 70.35416666666667, 70.3125, 70.27083333333334, 70.22916666666667, 70.1875, 70.14583333333334, 70.10416666666667, 70.0625, 70.02083333333334, 69.97916666666667, 69.9375, 69.89583333333334, 69.85416666666667, 69.8125, 69.77083333333334, 69.72916666666667, 69.6875, 69.64583333333334, 69.60416666666667, 69.5625, 69.52083333333334, 69.47916666666667, 69.4375, 69.39583333333334, 69.35416666666667, 69.3125, 69.27083333333334, 69.22916666666667, 69.1875, 69.14583333333334, 69.10416666666667, 69.0625, 69.02083333333334, 68.97916666666667, 68.9375, 68.89583333333334, 68.85416666666667, 68.8125, 68.77083333333334, 68.72916666666667, 68.6875, 68.64583333333334, 68.60416666666667, 68.5625, 68.52083333333334, 68.47916666666667, 68.4375, 68.39583333333334, 68.35416666666667, 68.3125, 68.27083333333334, 68.22916666666667, 68.1875, 68.14583333333334, 68.10416666666667, 68.0625, 68.02083333333334, 67.97916666666667, 67.9375, 67.89583333333334, 67.85416666666667, 67.8125, 67.77083333333334, 67.72916666666667, 67.6875, 67.64583333333334, 67.60416666666667, 67.5625, 67.52083333333334, 67.47916666666667, 67.4375, 67.39583333333334, 67.35416666666667, 67.3125, 67.27083333333334, 67.22916666666667, 67.1875, 67.14583333333334, 67.10416666666667, 67.0625, 67.02083333333334, 66.97916666666667, 66.9375, 66.89583333333334, 66.85416666666667, 66.8125, 66.77083333333334, 66.72916666666667, 66.6875, 66.64583333333334, 66.60416666666667, 66.5625, 66.52083333333334, 66.47916666666667, 66.4375, 66.39583333333334, 66.35416666666667, 66.3125, 66.27083333333334, 66.22916666666667, 66.1875, 66.14583333333334, 66.10416666666667, 66.0625, 66.02083333333334, 65.97916666666667, 65.9375, 65.89583333333334, 65.85416666666667, 65.8125, 65.77083333333334, 65.72916666666667, 65.6875, 65.64583333333334, 65.60416666666667, 65.5625, 65.52083333333334, 65.47916666666667, 65.4375, 65.39583333333334, 65.35416666666667, 65.3125, 65.27083333333334, 65.22916666666667, 65.1875, 65.14583333333334, 65.10416666666667, 65.0625, 65.02083333333334, 64.97916666666667, 64.9375, 64.89583333333334, 64.85416666666667, 64.8125, 64.77083333333334, 64.72916666666667, 64.6875, 64.64583333333334, 64.60416666666667, 64.5625, 64.52083333333334, 64.47916666666667, 64.4375, 64.39583333333334, 64.35416666666667, 64.3125, 64.27083333333334, 64.22916666666667, 64.1875, 64.14583333333334, 64.10416666666667, 64.0625, 64.02083333333334, 63.97916666666667, 63.93750000000001, 63.89583333333334, 63.85416666666667, 63.81250000000001, 63.77083333333334, 63.72916666666667, 63.68750000000001, 63.64583333333334, 63.60416666666667, 63.56250000000001, 63.52083333333334, 63.47916666666667, 63.43750000000001, 63.39583333333334, 63.35416666666667, 63.31250000000001, 63.27083333333334, 63.22916666666667, 63.18750000000001, 63.14583333333334, 63.10416666666667, 63.06250000000001, 63.02083333333334, 62.97916666666667, 62.93750000000001, 62.89583333333334, 62.85416666666667, 62.81250000000001, 62.77083333333334, 62.72916666666667, 62.68750000000001, 62.64583333333334, 62.60416666666667, 62.56250000000001, 62.52083333333334, 62.47916666666667, 62.43750000000001, 62.39583333333334, 62.35416666666667, 62.31250000000001, 62.27083333333334, 62.22916666666667, 62.18750000000001, 62.14583333333334, 62.10416666666667, 62.06250000000001, 62.02083333333334, 61.97916666666667, 61.93750000000001, 61.89583333333334, 61.85416666666667, 61.81250000000001, 61.77083333333334, 61.72916666666667, 61.68750000000001, 61.64583333333334, 61.60416666666667, 61.56250000000001, 61.52083333333334, 61.47916666666667, 61.43750000000001, 61.39583333333334, 61.35416666666667, 61.31250000000001, 61.27083333333334, 61.22916666666667, 61.18750000000001, 61.14583333333334, 61.10416666666667, 61.06250000000001, 61.02083333333334, 60.97916666666667, 60.93750000000001, 60.89583333333334, 60.85416666666667, 60.81250000000001, 60.77083333333334, 60.72916666666667, 60.68750000000001, 60.64583333333334, 60.60416666666667, 60.56250000000001, 60.52083333333334, 60.47916666666667, 60.43750000000001, 60.39583333333334, 60.35416666666667, 60.31250000000001, 60.27083333333334, 60.22916666666667, 60.18750000000001, 60.14583333333334, 60.10416666666667, 60.06250000000001, 60.02083333333334, 59.97916666666667, 59.93750000000001, 59.89583333333334, 59.85416666666667, 59.81250000000001, 59.77083333333334, 59.72916666666667, 59.68750000000001, 59.64583333333334, 59.60416666666667, 59.56250000000001, 59.52083333333334, 59.47916666666667, 59.43750000000001, 59.39583333333334, 59.35416666666667, 59.31250000000001, 59.27083333333334, 59.22916666666667, 59.18750000000001, 59.14583333333334, 59.10416666666667, 59.06250000000001, 59.02083333333334, 58.97916666666667, 58.93750000000001, 58.89583333333334, 58.85416666666667, 58.81250000000001, 58.77083333333334, 58.72916666666667, 58.68750000000001, 58.64583333333334, 58.60416666666667, 58.56250000000001, 58.52083333333334, 58.47916666666667, 58.43750000000001, 58.39583333333334, 58.35416666666667, 58.31250000000001, 58.27083333333334, 58.22916666666667, 58.18750000000001, 58.14583333333334, 58.10416666666667, 58.06250000000001, 58.02083333333334, 57.97916666666667, 57.93750000000001, 57.89583333333334, 57.85416666666667, 57.81250000000001, 57.77083333333334, 57.72916666666667, 57.68750000000001, 57.64583333333334, 57.60416666666667, 57.56250000000001, 57.52083333333334, 57.47916666666667, 57.43750000000001, 57.39583333333334, 57.35416666666667, 57.31250000000001, 57.27083333333334, 57.22916666666667, 57.18750000000001, 57.14583333333334, 57.10416666666667, 57.06250000000001, 57.02083333333334, 56.97916666666667, 56.93750000000001, 56.89583333333334, 56.85416666666667, 56.81250000000001, 56.77083333333334, 56.72916666666667, 56.68750000000001, 56.64583333333334, 56.60416666666667, 56.56250000000001, 56.52083333333334, 56.47916666666667, 56.43750000000001, 56.39583333333334, 56.35416666666667, 56.31250000000001, 56.27083333333334, 56.22916666666667, 56.18750000000001, 56.14583333333334, 56.10416666666667, 56.06250000000001, 56.02083333333334, 55.97916666666667, 55.93750000000001, 55.89583333333334, 55.85416666666667, 55.81250000000001, 55.77083333333334, 55.72916666666667, 55.68750000000001, 55.64583333333334, 55.60416666666667, 55.56250000000001, 55.52083333333334, 55.47916666666667, 55.43750000000001, 55.39583333333334, 55.35416666666667, 55.31250000000001, 55.27083333333334, 55.22916666666667, 55.18750000000001, 55.14583333333334, 55.10416666666667, 55.06250000000001, 55.02083333333334, 54.97916666666667, 54.93750000000001, 54.89583333333334, 54.85416666666667, 54.81250000000001, 54.77083333333334, 54.72916666666667, 54.68750000000001, 54.64583333333334, 54.60416666666667, 54.56250000000001, 54.52083333333334, 54.47916666666667, 54.43750000000001, 54.39583333333334, 54.35416666666667, 54.31250000000001, 54.27083333333334, 54.22916666666667, 54.18750000000001, 54.14583333333334, 54.10416666666667, 54.06250000000001, 54.02083333333334, 53.97916666666667, 53.93750000000001, 53.89583333333334, 53.85416666666667, 53.81250000000001, 53.77083333333334, 53.72916666666667, 53.68750000000001, 53.64583333333334, 53.60416666666667, 53.56250000000001, 53.52083333333334, 53.47916666666667, 53.43750000000001, 53.39583333333334, 53.35416666666667, 53.31250000000001, 53.27083333333334, 53.22916666666667, 53.18750000000001, 53.14583333333334, 53.10416666666667, 53.06250000000001, 53.02083333333334, 52.97916666666667, 52.93750000000001, 52.89583333333334, 52.85416666666667, 52.81250000000001, 52.77083333333334, 52.72916666666667, 52.68750000000001, 52.64583333333334, 52.60416666666667, 52.56250000000001, 52.52083333333334, 52.47916666666667, 52.43750000000001, 52.39583333333334, 52.35416666666667, 52.31250000000001, 52.27083333333334, 52.22916666666667, 52.18750000000001, 52.14583333333334, 52.10416666666667, 52.06250000000001, 52.02083333333334, 51.97916666666667, 51.93750000000001, 51.89583333333334, 51.85416666666667, 51.81250000000001, 51.77083333333334, 51.72916666666667, 51.68750000000001, 51.64583333333334, 51.60416666666667, 51.56250000000001, 51.52083333333334, 51.47916666666667, 51.43750000000001, 51.39583333333334, 51.35416666666667, 51.31250000000001, 51.27083333333334, 51.22916666666667, 51.18750000000001, 51.14583333333334, 51.10416666666667, 51.06250000000001, 51.02083333333334, 50.97916666666667, 50.93750000000001, 50.89583333333334, 50.85416666666667, 50.81250000000001, 50.77083333333334, 50.72916666666667, 50.68750000000001, 50.64583333333334, 50.60416666666667, 50.56250000000001, 50.52083333333334, 50.47916666666667, 50.43750000000001, 50.39583333333334, 50.35416666666667, 50.31250000000001, 50.27083333333334, 50.22916666666667, 50.18750000000001, 50.14583333333334, 50.10416666666667, 50.06250000000001, 50.02083333333334, 49.97916666666667, 49.93750000000001, 49.89583333333334, 49.85416666666667, 49.81250000000001, 49.77083333333334, 49.72916666666667, 49.68750000000001, 49.64583333333334, 49.60416666666667, 49.56250000000001, 49.52083333333334, 49.47916666666667, 49.43750000000001, 49.39583333333334, 49.35416666666667, 49.31250000000001, 49.27083333333334, 49.22916666666667, 49.18750000000001, 49.14583333333334, 49.10416666666667, 49.06250000000001, 49.02083333333334, 48.97916666666667, 48.93750000000001, 48.89583333333334, 48.85416666666667, 48.81250000000001, 48.77083333333334, 48.72916666666667, 48.68750000000001, 48.64583333333334, 48.60416666666667, 48.56250000000001, 48.52083333333334, 48.47916666666667, 48.43750000000001, 48.39583333333334, 48.35416666666667, 48.31250000000001, 48.27083333333334, 48.22916666666667, 48.18750000000001, 48.14583333333334, 48.10416666666667, 48.06250000000001, 48.02083333333334, 47.97916666666667, 47.93750000000001, 47.89583333333334, 47.85416666666667, 47.81250000000001, 47.77083333333334, 47.72916666666667, 47.68750000000001, 47.64583333333334, 47.60416666666667, 47.56250000000001, 47.52083333333334, 47.47916666666667, 47.43750000000001, 47.39583333333334, 47.35416666666667, 47.31250000000001, 47.27083333333334, 47.22916666666667, 47.18750000000001, 47.14583333333334, 47.10416666666667, 47.06250000000001, 47.02083333333334, 46.97916666666667, 46.93750000000001, 46.89583333333334, 46.85416666666667, 46.81250000000001, 46.77083333333334, 46.72916666666667, 46.68750000000001, 46.64583333333334, 46.60416666666667, 46.56250000000001, 46.52083333333334, 46.47916666666667, 46.43750000000001, 46.39583333333334, 46.35416666666667, 46.31250000000001, 46.27083333333334, 46.22916666666667, 46.18750000000001, 46.14583333333334, 46.10416666666667, 46.06250000000001, 46.02083333333334, 45.97916666666667, 45.93750000000001, 45.89583333333334, 45.85416666666667, 45.81250000000001, 45.77083333333334, 45.72916666666667, 45.68750000000001, 45.64583333333334, 45.60416666666667, 45.56250000000001, 45.52083333333334, 45.47916666666667, 45.43750000000001, 45.39583333333334, 45.35416666666667, 45.31250000000001, 45.27083333333334, 45.22916666666667, 45.18750000000001, 45.14583333333334, 45.10416666666667, 45.06250000000001, 45.02083333333334, 44.97916666666667, 44.93750000000001, 44.89583333333334, 44.85416666666667, 44.81250000000001, 44.77083333333334, 44.72916666666667, 44.68750000000001, 44.64583333333334, 44.60416666666667, 44.56250000000001, 44.52083333333334, 44.47916666666667, 44.43750000000001, 44.39583333333334, 44.35416666666667, 44.31250000000001, 44.27083333333334, 44.22916666666667, 44.18750000000001, 44.14583333333334, 44.10416666666667, 44.06250000000001, 44.02083333333334, 43.97916666666667, 43.93750000000001, 43.89583333333334, 43.85416666666667, 43.81250000000001, 43.77083333333334, 43.72916666666667, 43.68750000000001, 43.64583333333334, 43.60416666666667, 43.56250000000001, 43.52083333333334, 43.47916666666667, 43.43750000000001, 43.39583333333334, 43.35416666666667, 43.31250000000001, 43.27083333333334, 43.22916666666667, 43.18750000000001, 43.14583333333334, 43.10416666666667, 43.06250000000001, 43.02083333333334, 42.97916666666667, 42.93750000000001, 42.89583333333334, 42.85416666666667, 42.81250000000001, 42.77083333333334, 42.72916666666667, 42.68750000000001, 42.64583333333334, 42.60416666666667, 42.56250000000001, 42.52083333333334, 42.47916666666667, 42.43750000000001, 42.39583333333334, 42.35416666666667, 42.31250000000001, 42.27083333333334, 42.22916666666667, 42.18750000000001, 42.14583333333334, 42.10416666666667, 42.06250000000001, 42.02083333333334, 41.97916666666667, 41.93750000000001, 41.89583333333334, 41.85416666666667, 41.81250000000001, 41.77083333333334, 41.72916666666667, 41.68750000000001, 41.64583333333334, 41.60416666666667, 41.56250000000001, 41.52083333333334, 41.47916666666667, 41.43750000000001, 41.39583333333334, 41.35416666666667, 41.31250000000001, 41.27083333333334, 41.22916666666667, 41.18750000000001, 41.14583333333334, 41.10416666666667, 41.06250000000001, 41.02083333333334, 40.97916666666667, 40.93750000000001, 40.89583333333334, 40.85416666666667, 40.81250000000001, 40.77083333333334, 40.72916666666667, 40.68750000000001, 40.64583333333334, 40.60416666666667, 40.56250000000001, 40.52083333333334, 40.47916666666667, 40.43750000000001, 40.39583333333334, 40.35416666666667, 40.31250000000001, 40.27083333333334, 40.22916666666667, 40.18750000000001, 40.14583333333334, 40.10416666666667, 40.06250000000001, 40.02083333333334, 39.97916666666667, 39.93750000000001, 39.89583333333334, 39.85416666666667, 39.81250000000001, 39.77083333333334, 39.72916666666667, 39.68750000000001, 39.64583333333334, 39.60416666666667, 39.56250000000001, 39.52083333333334, 39.47916666666667, 39.43750000000001, 39.39583333333334, 39.35416666666667, 39.31250000000001, 39.27083333333334, 39.22916666666667, 39.18750000000001, 39.14583333333334, 39.10416666666667, 39.06250000000001, 39.02083333333334, 38.97916666666667, 38.93750000000001, 38.89583333333334, 38.85416666666667, 38.81250000000001, 38.77083333333334, 38.72916666666667, 38.68750000000001, 38.64583333333334, 38.60416666666667, 38.56250000000001, 38.52083333333334, 38.47916666666667, 38.43750000000001, 38.39583333333334, 38.35416666666667, 38.31250000000001, 38.27083333333334, 38.22916666666667, 38.18750000000001, 38.14583333333334, 38.10416666666667, 38.06250000000001, 38.02083333333334, 37.97916666666667, 37.93750000000001, 37.89583333333334, 37.85416666666667, 37.81250000000001, 37.77083333333334, 37.72916666666667, 37.68750000000001, 37.64583333333334, 37.60416666666667, 37.56250000000001, 37.52083333333334, 37.47916666666667, 37.43750000000001, 37.39583333333334, 37.35416666666667, 37.31250000000001, 37.27083333333334, 37.22916666666667, 37.18750000000001, 37.14583333333334, 37.10416666666667, 37.06250000000001, 37.02083333333334, 36.97916666666667, 36.93750000000001, 36.89583333333334, 36.85416666666667, 36.81250000000001, 36.77083333333334, 36.72916666666667, 36.68750000000001, 36.64583333333334, 36.60416666666667, 36.56250000000001, 36.52083333333334, 36.47916666666667, 36.43750000000001, 36.39583333333334, 36.35416666666667, 36.31250000000001, 36.27083333333334, 36.22916666666667, 36.18750000000001, 36.14583333333334, 36.10416666666667, 36.06250000000001, 36.02083333333334, 35.97916666666667, 35.93750000000001, 35.89583333333334, 35.85416666666667, 35.81250000000001, 35.77083333333334, 35.72916666666667, 35.68750000000001, 35.64583333333334, 35.60416666666667, 35.56250000000001, 35.52083333333334, 35.47916666666667, 35.43750000000001, 35.39583333333334, 35.35416666666667, 35.31250000000001, 35.27083333333334, 35.22916666666667, 35.18750000000001, 35.14583333333334, 35.10416666666667, 35.06250000000001, 35.02083333333334, 34.97916666666667, 34.93750000000001, 34.89583333333334, 34.85416666666667, 34.81250000000001, 34.77083333333334, 34.72916666666667, 34.68750000000001, 34.64583333333334, 34.60416666666667, 34.56250000000001, 34.52083333333334, 34.47916666666667, 34.43750000000001, 34.39583333333334, 34.35416666666667, 34.31250000000001, 34.27083333333334, 34.22916666666667, 34.18750000000001, 34.14583333333334, 34.10416666666667, 34.06250000000001, 34.02083333333334, 33.97916666666667, 33.93750000000001, 33.89583333333334, 33.85416666666667, 33.81250000000001, 33.77083333333334, 33.72916666666667, 33.68750000000001, 33.64583333333334, 33.60416666666667, 33.56250000000001, 33.52083333333334, 33.47916666666667, 33.43750000000001, 33.39583333333334, 33.35416666666667, 33.31250000000001, 33.27083333333334, 33.22916666666667, 33.18750000000001, 33.14583333333334, 33.10416666666667, 33.06250000000001, 33.02083333333334, 32.97916666666667, 32.93750000000001, 32.89583333333334, 32.85416666666667, 32.81250000000001, 32.77083333333334, 32.72916666666667, 32.68750000000001, 32.64583333333334, 32.60416666666667, 32.56250000000001, 32.52083333333334, 32.47916666666667, 32.43750000000001, 32.39583333333334, 32.35416666666667, 32.31250000000001, 32.27083333333334, 32.22916666666667, 32.18750000000001, 32.14583333333334, 32.10416666666667, 32.06250000000001, 32.02083333333334, 31.97916666666667, 31.937500000000007, 31.895833333333343, 31.85416666666667, 31.812500000000007, 31.770833333333343, 31.72916666666667, 31.687500000000007, 31.645833333333343, 31.60416666666667, 31.562500000000007, 31.520833333333343, 31.47916666666667, 31.437500000000007, 31.395833333333343, 31.35416666666667, 31.312500000000007, 31.270833333333343, 31.22916666666667, 31.187500000000007, 31.145833333333343, 31.10416666666667, 31.062500000000007, 31.020833333333343, 30.97916666666667, 30.937500000000007, 30.895833333333343, 30.85416666666667, 30.812500000000007, 30.770833333333343, 30.72916666666667, 30.687500000000007, 30.645833333333343, 30.60416666666667, 30.562500000000007, 30.520833333333343, 30.47916666666667, 30.437500000000007, 30.395833333333343, 30.35416666666667, 30.312500000000007, 30.270833333333343, 30.22916666666667, 30.187500000000007, 30.145833333333343, 30.10416666666667, 30.062500000000007, 30.020833333333343, 29.97916666666667, 29.937500000000007, 29.895833333333343, 29.85416666666667, 29.812500000000007, 29.770833333333343, 29.72916666666667, 29.687500000000007, 29.645833333333343, 29.60416666666667, 29.562500000000007, 29.520833333333343, 29.47916666666667, 29.437500000000007, 29.395833333333343, 29.35416666666667, 29.312500000000007, 29.270833333333343, 29.22916666666667, 29.187500000000007, 29.145833333333343, 29.10416666666667, 29.062500000000007, 29.020833333333343, 28.97916666666667, 28.937500000000007, 28.895833333333343, 28.85416666666667, 28.812500000000007, 28.770833333333343, 28.72916666666667, 28.687500000000007, 28.645833333333343, 28.60416666666667, 28.562500000000007, 28.520833333333343, 28.47916666666667, 28.437500000000007, 28.395833333333343, 28.35416666666667, 28.312500000000007, 28.270833333333343, 28.22916666666667, 28.187500000000007, 28.145833333333343, 28.10416666666667, 28.062500000000007, 28.020833333333343, 27.97916666666667, 27.937500000000007, 27.895833333333343, 27.85416666666667, 27.812500000000007, 27.770833333333343, 27.72916666666667, 27.687500000000007, 27.645833333333343, 27.60416666666667, 27.562500000000007, 27.520833333333343, 27.47916666666667, 27.437500000000007, 27.395833333333343, 27.35416666666667, 27.312500000000007, 27.270833333333343, 27.22916666666667, 27.187500000000007, 27.145833333333343, 27.10416666666667, 27.062500000000007, 27.020833333333343, 26.97916666666667, 26.937500000000007, 26.895833333333343, 26.85416666666667, 26.812500000000007, 26.770833333333343, 26.72916666666667, 26.687500000000007, 26.645833333333343, 26.60416666666667, 26.562500000000007, 26.520833333333343, 26.47916666666667, 26.437500000000007, 26.395833333333343, 26.35416666666667, 26.312500000000007, 26.270833333333343, 26.22916666666667, 26.187500000000007, 26.145833333333343, 26.10416666666667, 26.062500000000007, 26.020833333333343, 25.97916666666667, 25.937500000000014, 25.895833333333343, 25.85416666666667, 25.812500000000014, 25.770833333333343, 25.72916666666667, 25.687500000000014, 25.645833333333343, 25.60416666666667, 25.562500000000014, 25.520833333333343, 25.47916666666667, 25.437500000000014, 25.395833333333343, 25.35416666666667, 25.312500000000014, 25.270833333333343, 25.22916666666667, 25.187500000000014, 25.145833333333343, 25.10416666666667, 25.062500000000014, 25.020833333333343, 24.97916666666667, 24.937500000000014, 24.895833333333343, 24.85416666666667, 24.812500000000014, 24.770833333333343, 24.72916666666667, 24.687500000000014, 24.645833333333343, 24.60416666666667, 24.562500000000014, 24.520833333333343, 24.47916666666667, 24.437500000000014, 24.395833333333343, 24.35416666666667, 24.312500000000014, 24.270833333333343, 24.22916666666667, 24.187500000000014, 24.145833333333343, 24.10416666666667, 24.062500000000014, 24.020833333333343, 23.97916666666667, 23.937500000000014, 23.895833333333343, 23.85416666666667, 23.812500000000014, 23.770833333333343, 23.72916666666667, 23.687500000000014, 23.645833333333343, 23.60416666666667, 23.562500000000014, 23.520833333333343, 23.47916666666667, 23.437500000000014, 23.395833333333343, 23.35416666666667, 23.312500000000014, 23.270833333333343, 23.22916666666667, 23.187500000000014, 23.145833333333343, 23.10416666666667, 23.062500000000014, 23.020833333333343, 22.97916666666667, 22.937500000000014, 22.895833333333343, 22.85416666666667, 22.812500000000014, 22.770833333333343, 22.72916666666667, 22.687500000000014, 22.645833333333343, 22.60416666666667, 22.562500000000014, 22.520833333333343, 22.47916666666667, 22.437500000000014, 22.395833333333343, 22.35416666666667, 22.312500000000014, 22.270833333333343, 22.22916666666667, 22.187500000000014, 22.145833333333343, 22.10416666666667, 22.062500000000014, 22.020833333333343, 21.97916666666667, 21.937500000000014, 21.895833333333343, 21.85416666666667, 21.812500000000014, 21.770833333333343, 21.72916666666667, 21.687500000000014, 21.645833333333343, 21.60416666666667, 21.562500000000014, 21.520833333333343, 21.47916666666667, 21.437500000000014, 21.395833333333343, 21.35416666666667, 21.312500000000014, 21.270833333333343, 21.22916666666667, 21.187500000000014, 21.145833333333343, 21.10416666666667, 21.062500000000014, 21.020833333333343, 20.97916666666667, 20.937500000000014, 20.895833333333343, 20.85416666666667, 20.812500000000014, 20.770833333333343, 20.72916666666667, 20.687500000000014, 20.645833333333343, 20.60416666666667, 20.562500000000014, 20.520833333333343, 20.47916666666667, 20.437500000000014, 20.395833333333343, 20.35416666666667, 20.312500000000014, 20.270833333333343, 20.22916666666667, 20.187500000000014, 20.145833333333343, 20.10416666666667, 20.062500000000014, 20.020833333333343, 19.97916666666667, 19.937500000000014, 19.895833333333343, 19.85416666666667, 19.812500000000014, 19.770833333333343, 19.72916666666667, 19.687500000000014, 19.645833333333343, 19.60416666666667, 19.562500000000014, 19.520833333333343, 19.47916666666667, 19.437500000000014, 19.395833333333343, 19.35416666666667, 19.312500000000014, 19.270833333333343, 19.22916666666667, 19.187500000000014, 19.145833333333343, 19.10416666666667, 19.062500000000014, 19.020833333333343, 18.97916666666667, 18.937500000000014, 18.895833333333343, 18.85416666666667, 18.812500000000014, 18.770833333333343, 18.72916666666667, 18.687500000000014, 18.645833333333343, 18.60416666666667, 18.562500000000014, 18.520833333333343, 18.47916666666667, 18.437500000000014, 18.395833333333343, 18.35416666666667, 18.312500000000014, 18.270833333333343, 18.22916666666667, 18.187500000000014, 18.145833333333343, 18.10416666666667, 18.062500000000014, 18.020833333333343, 17.97916666666667, 17.937500000000014, 17.895833333333343, 17.85416666666667, 17.812500000000014, 17.770833333333343, 17.72916666666667, 17.687500000000014, 17.645833333333343, 17.60416666666667, 17.562500000000014, 17.520833333333343, 17.47916666666667, 17.437500000000014, 17.395833333333343, 17.35416666666667, 17.312500000000014, 17.270833333333343, 17.22916666666667, 17.187500000000014, 17.145833333333343, 17.10416666666667, 17.062500000000014, 17.020833333333343, 16.97916666666667, 16.937500000000014, 16.895833333333343, 16.85416666666667, 16.812500000000014, 16.770833333333343, 16.72916666666667, 16.687500000000014, 16.645833333333343, 16.60416666666667, 16.562500000000014, 16.520833333333343, 16.47916666666667, 16.437500000000014, 16.395833333333343, 16.35416666666667, 16.312500000000014, 16.270833333333343, 16.22916666666667, 16.187500000000014, 16.145833333333343, 16.10416666666667, 16.062500000000014, 16.020833333333343, 15.979166666666671, 15.937500000000014, 15.895833333333343, 15.854166666666671, 15.812500000000014, 15.770833333333343, 15.729166666666671, 15.687500000000014, 15.645833333333343, 15.604166666666671, 15.562500000000014, 15.520833333333343, 15.479166666666671, 15.437500000000014, 15.395833333333343, 15.354166666666671, 15.312500000000014, 15.270833333333343, 15.229166666666671, 15.187500000000014, 15.145833333333343, 15.104166666666671, 15.062500000000014, 15.020833333333343, 14.979166666666671, 14.937500000000014, 14.895833333333343, 14.854166666666671, 14.812500000000014, 14.770833333333343, 14.729166666666671, 14.687500000000014, 14.645833333333343, 14.604166666666671, 14.562500000000014, 14.520833333333343, 14.479166666666671, 14.437500000000014, 14.395833333333343, 14.354166666666671, 14.312500000000014, 14.270833333333343, 14.229166666666671, 14.187500000000014, 14.145833333333343, 14.104166666666671, 14.062500000000014, 14.020833333333343, 13.979166666666671, 13.937500000000014, 13.895833333333343, 13.854166666666671, 13.812500000000014, 13.770833333333343, 13.729166666666671, 13.687500000000014, 13.645833333333343, 13.604166666666671, 13.562500000000014, 13.520833333333343, 13.479166666666671, 13.437500000000014, 13.395833333333343, 13.354166666666671, 13.312500000000014, 13.270833333333343, 13.229166666666671, 13.187500000000014, 13.145833333333343, 13.104166666666671, 13.062500000000014, 13.020833333333343, 12.979166666666671, 12.937500000000014, 12.895833333333343, 12.854166666666671, 12.812500000000014, 12.770833333333343, 12.729166666666671, 12.687500000000014, 12.645833333333343, 12.604166666666671, 12.562500000000014, 12.520833333333343, 12.479166666666671, 12.437500000000014, 12.395833333333343, 12.354166666666671, 12.312500000000014, 12.270833333333343, 12.229166666666671, 12.187500000000014, 12.145833333333343, 12.104166666666671, 12.062500000000014, 12.020833333333343, 11.979166666666671, 11.937500000000014, 11.895833333333343, 11.854166666666671, 11.812500000000014, 11.770833333333343, 11.729166666666671, 11.687500000000014, 11.645833333333343, 11.604166666666671, 11.562500000000014, 11.520833333333343, 11.479166666666671, 11.437500000000014, 11.395833333333343, 11.354166666666671, 11.312500000000014, 11.270833333333343, 11.229166666666671, 11.187500000000014, 11.145833333333343, 11.104166666666671, 11.062500000000014, 11.020833333333343, 10.979166666666671, 10.937500000000014, 10.895833333333343, 10.854166666666671, 10.812500000000014, 10.770833333333343, 10.729166666666671, 10.687500000000014, 10.645833333333343, 10.604166666666671, 10.562500000000014, 10.520833333333343, 10.479166666666671, 10.437500000000014, 10.395833333333343, 10.354166666666671, 10.312500000000014, 10.270833333333343, 10.229166666666671, 10.187500000000014, 10.145833333333343, 10.104166666666671, 10.062500000000014, 10.020833333333343, 9.979166666666671, 9.937500000000014, 9.895833333333343, 9.854166666666671, 9.812500000000014, 9.770833333333343, 9.729166666666671, 9.687500000000014, 9.645833333333343, 9.604166666666671, 9.562500000000014, 9.520833333333343, 9.479166666666671, 9.437500000000014, 9.395833333333343, 9.354166666666671, 9.312500000000014, 9.270833333333343, 9.229166666666671, 9.187500000000014, 9.145833333333343, 9.104166666666671, 9.062500000000014, 9.020833333333343, 8.979166666666671, 8.937500000000014, 8.895833333333343, 8.854166666666671, 8.812500000000014, 8.770833333333343, 8.729166666666671, 8.687500000000014, 8.645833333333343, 8.604166666666671, 8.562500000000014, 8.520833333333343, 8.479166666666671, 8.437500000000014, 8.395833333333343, 8.354166666666671, 8.312500000000014, 8.270833333333343, 8.229166666666671, 8.187500000000014, 8.145833333333343, 8.104166666666671, 8.062500000000014, 8.020833333333343, 7.979166666666671, 7.937500000000014, 7.895833333333343, 7.854166666666671, 7.812500000000014, 7.770833333333343, 7.729166666666671, 7.687500000000014, 7.645833333333343, 7.604166666666671, 7.562500000000014, 7.520833333333343, 7.479166666666671, 7.437500000000014, 7.395833333333343, 7.354166666666671, 7.312500000000014, 7.270833333333343, 7.229166666666671, 7.187500000000014, 7.145833333333343, 7.104166666666671, 7.062500000000014, 7.020833333333343, 6.979166666666671, 6.937500000000014, 6.895833333333343, 6.854166666666671, 6.812500000000014, 6.770833333333343, 6.729166666666671, 6.687500000000014, 6.645833333333343, 6.604166666666671, 6.562500000000014, 6.520833333333343, 6.479166666666671, 6.437500000000014, 6.395833333333343, 6.354166666666671, 6.312500000000014, 6.270833333333343, 6.229166666666671, 6.187500000000014, 6.145833333333343, 6.104166666666671, 6.062500000000014, 6.020833333333343, 5.979166666666671, 5.937500000000014, 5.895833333333343, 5.854166666666671, 5.812500000000014, 5.770833333333343, 5.729166666666671, 5.687500000000014, 5.645833333333343, 5.604166666666671, 5.562500000000014, 5.520833333333343, 5.479166666666671, 5.437500000000014, 5.395833333333343, 5.354166666666671, 5.312500000000014, 5.270833333333343, 5.229166666666671, 5.187500000000014, 5.145833333333343, 5.104166666666671, 5.062500000000014, 5.020833333333343, 4.979166666666671, 4.937500000000014, 4.895833333333343, 4.854166666666671, 4.812500000000014, 4.770833333333343, 4.729166666666671, 4.687500000000014, 4.645833333333343, 4.604166666666671, 4.562500000000014, 4.520833333333343, 4.479166666666671, 4.437500000000014, 4.395833333333343, 4.354166666666671, 4.312500000000014, 4.270833333333343, 4.229166666666671, 4.187500000000014, 4.145833333333343, 4.104166666666671, 4.062500000000014, 4.020833333333343, 3.9791666666666714, 3.937500000000014, 3.895833333333343, 3.8541666666666714, 3.812500000000014, 3.770833333333343, 3.7291666666666714, 3.687500000000014, 3.645833333333343, 3.6041666666666714, 3.562500000000014, 3.520833333333343, 3.4791666666666714, 3.437500000000014, 3.395833333333343, 3.3541666666666714, 3.312500000000014, 3.270833333333343, 3.2291666666666714, 3.187500000000014, 3.145833333333343, 3.1041666666666714, 3.062500000000014, 3.020833333333343, 2.9791666666666714, 2.937500000000014, 2.895833333333343, 2.8541666666666714, 2.812500000000014, 2.770833333333343, 2.7291666666666714, 2.687500000000014, 2.645833333333343, 2.6041666666666714, 2.562500000000014, 2.520833333333343, 2.4791666666666714, 2.437500000000014, 2.395833333333343, 2.3541666666666714, 2.312500000000014, 2.270833333333343, 2.2291666666666714, 2.187500000000014, 2.145833333333343, 2.1041666666666714, 2.062500000000014, 2.020833333333343, 1.9791666666666714, 1.9375000000000142, 1.8958333333333428, 1.8541666666666714, 1.8125000000000142, 1.7708333333333428, 1.7291666666666714, 1.6875000000000142, 1.6458333333333428, 1.6041666666666714, 1.5625000000000142, 1.5208333333333428, 1.4791666666666714, 1.4375000000000142, 1.3958333333333428, 1.3541666666666714, 1.3125000000000142, 1.2708333333333428, 1.2291666666666714, 1.1875000000000142, 1.1458333333333428, 1.1041666666666714, 1.0625000000000142, 1.0208333333333428, 0.9791666666666714, 0.9375000000000142, 0.8958333333333428, 0.8541666666666714, 0.8125000000000142, 0.7708333333333428, 0.7291666666666714, 0.6875000000000142, 0.6458333333333428, 0.6041666666666714, 0.5625000000000142, 0.5208333333333428, 0.4791666666666714, 0.4375000000000142, 0.3958333333333428, 0.3541666666666714, 0.3125000000000142, 0.2708333333333428, 0.2291666666666714, 0.1875000000000142, 0.1458333333333428, 0.1041666666666714, 0.06250000000001421, 0.020833333333342807, -0.020833333333314386, -0.06249999999998579, -0.10416666666664298, -0.14583333333331439, -0.1874999999999858, -0.22916666666664298, -0.2708333333333144, -0.3124999999999858, -0.354166666666643, -0.3958333333333144, -0.4374999999999858, -0.479166666666643, -0.5208333333333144, -0.5624999999999858, -0.604166666666643, -0.6458333333333144, -0.6874999999999858, -0.729166666666643, -0.7708333333333144, -0.8124999999999858, -0.854166666666643, -0.8958333333333144, -0.9374999999999858, -0.979166666666643, -1.0208333333333144, -1.0624999999999858, -1.104166666666643, -1.1458333333333144, -1.1874999999999858, -1.229166666666643, -1.2708333333333144, -1.3124999999999858, -1.354166666666643, -1.3958333333333144, -1.4374999999999858, -1.479166666666643, -1.5208333333333144, -1.5624999999999858, -1.604166666666643, -1.6458333333333144, -1.6874999999999858, -1.729166666666643, -1.7708333333333144, -1.8124999999999858, -1.854166666666643, -1.8958333333333144, -1.9374999999999858, -1.979166666666643, -2.0208333333333144, -2.062499999999986, -2.104166666666643, -2.1458333333333144, -2.187499999999986, -2.229166666666643, -2.2708333333333144, -2.312499999999986, -2.354166666666643, -2.3958333333333144, -2.437499999999986, -2.479166666666643, -2.5208333333333144, -2.562499999999986, -2.604166666666643, -2.6458333333333144, -2.687499999999986, -2.729166666666643, -2.7708333333333144, -2.812499999999986, -2.854166666666643, -2.8958333333333144, -2.937499999999986, -2.979166666666643, -3.0208333333333144, -3.062499999999986, -3.104166666666643, -3.1458333333333144, -3.187499999999986, -3.229166666666643, -3.2708333333333144, -3.312499999999986, -3.354166666666643, -3.3958333333333144, -3.437499999999986, -3.479166666666643, -3.5208333333333144, -3.562499999999986, -3.604166666666643, -3.6458333333333144, -3.687499999999986, -3.729166666666643, -3.7708333333333144, -3.812499999999986, -3.854166666666643, -3.8958333333333144, -3.937499999999986, -3.979166666666643, -4.020833333333314, -4.062499999999986, -4.104166666666643, -4.145833333333314, -4.187499999999986, -4.229166666666643, -4.270833333333314, -4.312499999999986, -4.354166666666643, -4.395833333333314, -4.437499999999986, -4.479166666666643, -4.520833333333314, -4.562499999999986, -4.604166666666643, -4.645833333333314, -4.687499999999986, -4.729166666666643, -4.770833333333314, -4.812499999999986, -4.854166666666643, -4.895833333333314, -4.937499999999986, -4.979166666666643, -5.020833333333314, -5.062499999999986, -5.104166666666643, -5.145833333333314, -5.187499999999986, -5.229166666666643, -5.270833333333314, -5.312499999999986, -5.354166666666643, -5.395833333333314, -5.437499999999986, -5.479166666666643, -5.520833333333314, -5.562499999999986, -5.604166666666643, -5.645833333333314, -5.687499999999986, -5.729166666666643, -5.770833333333314, -5.812499999999986, -5.854166666666643, -5.895833333333314, -5.937499999999986, -5.979166666666643, -6.020833333333314, -6.062499999999986, -6.104166666666643, -6.145833333333314, -6.187499999999986, -6.229166666666643, -6.270833333333314, -6.312499999999986, -6.354166666666643, -6.395833333333314, -6.437499999999986, -6.479166666666643, -6.520833333333314, -6.562499999999986, -6.604166666666643, -6.645833333333314, -6.687499999999986, -6.729166666666643, -6.770833333333314, -6.812499999999986, -6.854166666666643, -6.895833333333314, -6.937499999999986, -6.979166666666643, -7.020833333333314, -7.062499999999986, -7.104166666666643, -7.145833333333314, -7.187499999999986, -7.229166666666643, -7.270833333333314, -7.312499999999986, -7.354166666666643, -7.395833333333314, -7.437499999999986, -7.479166666666643, -7.520833333333314, -7.562499999999986, -7.604166666666643, -7.645833333333314, -7.687499999999986, -7.729166666666643, -7.770833333333314, -7.812499999999986, -7.854166666666643, -7.895833333333314, -7.937499999999986, -7.979166666666643, -8.020833333333314, -8.062499999999986, -8.104166666666643, -8.145833333333314, -8.187499999999986, -8.229166666666643, -8.270833333333314, -8.312499999999986, -8.354166666666643, -8.395833333333314, -8.437499999999986, -8.479166666666643, -8.520833333333314, -8.562499999999986, -8.604166666666643, -8.645833333333314, -8.687499999999986, -8.729166666666643, -8.770833333333314, -8.812499999999986, -8.854166666666643, -8.895833333333314, -8.937499999999986, -8.979166666666643, -9.020833333333314, -9.062499999999986, -9.104166666666643, -9.145833333333314, -9.187499999999986, -9.229166666666643, -9.270833333333314, -9.312499999999986, -9.354166666666643, -9.395833333333314, -9.437499999999986, -9.479166666666643, -9.520833333333314, -9.562499999999986, -9.604166666666643, -9.645833333333314, -9.687499999999986, -9.729166666666643, -9.770833333333314, -9.812499999999986, -9.854166666666643, -9.895833333333314, -9.937499999999986, -9.979166666666643, -10.020833333333314, -10.062499999999986, -10.104166666666643, -10.145833333333314, -10.187499999999986, -10.229166666666643, -10.270833333333314, -10.312499999999986, -10.354166666666643, -10.395833333333314, -10.437499999999986, -10.479166666666643, -10.520833333333314, -10.562499999999986, -10.604166666666643, -10.645833333333314, -10.687499999999986, -10.729166666666643, -10.770833333333314, -10.812499999999986, -10.854166666666643, -10.895833333333314, -10.937499999999986, -10.979166666666643, -11.020833333333314, -11.062499999999986, -11.104166666666643, -11.145833333333314, -11.187499999999986, -11.229166666666643, -11.270833333333314, -11.312499999999986, -11.354166666666643, -11.395833333333314, -11.437499999999986, -11.479166666666643, -11.520833333333314, -11.562499999999986, -11.604166666666643, -11.645833333333314, -11.687499999999986, -11.729166666666643, -11.770833333333314, -11.812499999999986, -11.854166666666643, -11.895833333333314, -11.937499999999986, -11.979166666666643, -12.020833333333314, -12.062499999999986, -12.104166666666643, -12.145833333333314, -12.187499999999986, -12.229166666666643, -12.270833333333314, -12.312499999999986, -12.354166666666643, -12.395833333333314, -12.437499999999986, -12.479166666666643, -12.520833333333314, -12.562499999999986, -12.604166666666643, -12.645833333333314, -12.687499999999986, -12.729166666666643, -12.770833333333314, -12.812499999999986, -12.854166666666643, -12.895833333333314, -12.937499999999986, -12.979166666666643, -13.020833333333314, -13.062499999999986, -13.104166666666643, -13.145833333333314, -13.187499999999986, -13.229166666666643, -13.270833333333314, -13.312499999999986, -13.354166666666643, -13.395833333333314, -13.437499999999986, -13.479166666666643, -13.520833333333314, -13.562499999999986, -13.604166666666643, -13.645833333333314, -13.687499999999986, -13.729166666666643, -13.770833333333314, -13.812499999999986, -13.854166666666643, -13.895833333333314, -13.937499999999986, -13.979166666666643, -14.020833333333314, -14.062499999999986, -14.104166666666643, -14.145833333333314, -14.187499999999986, -14.229166666666643, -14.270833333333314, -14.312499999999986, -14.354166666666643, -14.395833333333314, -14.437499999999986, -14.479166666666643, -14.520833333333314, -14.562499999999986, -14.604166666666643, -14.645833333333314, -14.687499999999986, -14.729166666666643, -14.770833333333314, -14.812499999999986, -14.854166666666643, -14.895833333333314, -14.937499999999986, -14.979166666666643, -15.020833333333314, -15.062499999999986, -15.104166666666643, -15.145833333333314, -15.187499999999986, -15.229166666666643, -15.270833333333314, -15.312499999999986, -15.354166666666643, -15.395833333333314, -15.437499999999986, -15.479166666666643, -15.520833333333314, -15.562499999999986, -15.604166666666643, -15.645833333333314, -15.687499999999986, -15.729166666666643, -15.770833333333314, -15.812499999999986, -15.854166666666643, -15.895833333333314, -15.937499999999986, -15.979166666666643, -16.020833333333314, -16.062499999999986, -16.104166666666643, -16.145833333333314, -16.187499999999986, -16.229166666666643, -16.270833333333314, -16.312499999999986, -16.354166666666643, -16.395833333333314, -16.437499999999986, -16.479166666666643, -16.520833333333314, -16.562499999999986, -16.604166666666643, -16.645833333333314, -16.687499999999986, -16.729166666666643, -16.770833333333314, -16.812499999999986, -16.854166666666643, -16.895833333333314, -16.937499999999986, -16.979166666666643, -17.020833333333314, -17.062499999999986, -17.104166666666643, -17.145833333333314, -17.187499999999986, -17.229166666666643, -17.270833333333314, -17.312499999999986, -17.354166666666643, -17.395833333333314, -17.437499999999986, -17.479166666666643, -17.520833333333314, -17.562499999999986, -17.604166666666643, -17.645833333333314, -17.687499999999986, -17.729166666666643, -17.770833333333314, -17.812499999999986, -17.854166666666643, -17.895833333333314, -17.937499999999986, -17.979166666666643, -18.020833333333314, -18.062499999999986, -18.104166666666643, -18.145833333333314, -18.187499999999986, -18.229166666666643, -18.270833333333314, -18.312499999999986, -18.354166666666643, -18.395833333333314, -18.437499999999986, -18.479166666666643, -18.520833333333314, -18.562499999999986, -18.604166666666643, -18.645833333333314, -18.687499999999986, -18.729166666666643, -18.770833333333314, -18.812499999999986, -18.854166666666643, -18.895833333333314, -18.937499999999986, -18.979166666666643, -19.020833333333314, -19.062499999999986, -19.104166666666643, -19.145833333333314, -19.187499999999986, -19.229166666666643, -19.270833333333314, -19.312499999999986, -19.354166666666643, -19.395833333333314, -19.437499999999986, -19.479166666666643, -19.520833333333314, -19.562499999999986, -19.604166666666643, -19.645833333333314, -19.687499999999986, -19.729166666666643, -19.770833333333314, -19.812499999999986, -19.854166666666643, -19.895833333333314, -19.937499999999986, -19.979166666666643, -20.020833333333314, -20.062499999999986, -20.104166666666643, -20.145833333333314, -20.187499999999986, -20.229166666666643, -20.270833333333314, -20.312499999999986, -20.354166666666643, -20.395833333333314, -20.437499999999986, -20.479166666666643, -20.520833333333314, -20.562499999999986, -20.604166666666643, -20.645833333333314, -20.687499999999986, -20.729166666666643, -20.770833333333314, -20.812499999999986, -20.854166666666643, -20.895833333333314, -20.937499999999986, -20.979166666666643, -21.020833333333314, -21.062499999999986, -21.104166666666643, -21.145833333333314, -21.187499999999986, -21.229166666666643, -21.270833333333314, -21.312499999999986, -21.354166666666643, -21.395833333333314, -21.437499999999986, -21.479166666666643, -21.520833333333314, -21.562499999999986, -21.604166666666643, -21.645833333333314, -21.687499999999986, -21.729166666666643, -21.770833333333314, -21.812499999999986, -21.854166666666643, -21.895833333333314, -21.937499999999986, -21.979166666666643, -22.020833333333314, -22.062499999999986, -22.104166666666643, -22.145833333333314, -22.187499999999986, -22.229166666666643, -22.270833333333314, -22.312499999999986, -22.354166666666643, -22.395833333333314, -22.437499999999986, -22.479166666666643, -22.520833333333314, -22.562499999999986, -22.604166666666643, -22.645833333333314, -22.687499999999986, -22.729166666666643, -22.770833333333314, -22.812499999999986, -22.854166666666643, -22.895833333333314, -22.937499999999986, -22.979166666666643, -23.020833333333314, -23.062499999999986, -23.104166666666643, -23.145833333333314, -23.187499999999986, -23.229166666666643, -23.270833333333314, -23.312499999999986, -23.354166666666643, -23.395833333333314, -23.437499999999986, -23.479166666666643, -23.520833333333314, -23.562499999999986, -23.604166666666643, -23.645833333333314, -23.687499999999986, -23.729166666666643, -23.770833333333314, -23.812499999999986, -23.854166666666643, -23.895833333333314, -23.937499999999986, -23.979166666666643, -24.020833333333314, -24.062499999999986, -24.104166666666643, -24.145833333333314, -24.187499999999986, -24.229166666666643, -24.270833333333314, -24.312499999999986, -24.354166666666643, -24.395833333333314, -24.437499999999986, -24.479166666666643, -24.520833333333314, -24.562499999999986, -24.604166666666643, -24.645833333333314, -24.687499999999986, -24.729166666666643, -24.770833333333314, -24.812499999999986, -24.854166666666643, -24.895833333333314, -24.937499999999986, -24.979166666666643, -25.020833333333314, -25.062499999999986, -25.104166666666643, -25.145833333333314, -25.187499999999986, -25.229166666666643, -25.270833333333314, -25.312499999999986, -25.354166666666643, -25.395833333333314, -25.437499999999986, -25.479166666666643, -25.520833333333314, -25.562499999999986, -25.604166666666643, -25.645833333333314, -25.687499999999986, -25.729166666666643, -25.770833333333314, -25.812499999999986, -25.854166666666643, -25.895833333333314, -25.937499999999986, -25.979166666666643, -26.020833333333314, -26.06249999999998, -26.104166666666643, -26.145833333333314, -26.18749999999998, -26.229166666666643, -26.270833333333314, -26.31249999999998, -26.354166666666643, -26.395833333333314, -26.43749999999998, -26.479166666666643, -26.520833333333314, -26.56249999999998, -26.604166666666643, -26.645833333333314, -26.68749999999998, -26.729166666666643, -26.770833333333314, -26.81249999999998, -26.854166666666643, -26.895833333333314, -26.93749999999998, -26.979166666666643, -27.020833333333314, -27.06249999999998, -27.104166666666643, -27.145833333333314, -27.18749999999998, -27.229166666666643, -27.270833333333314, -27.31249999999998, -27.354166666666643, -27.395833333333314, -27.43749999999998, -27.479166666666643, -27.520833333333314, -27.56249999999998, -27.604166666666643, -27.645833333333314, -27.68749999999998, -27.729166666666643, -27.770833333333314, -27.81249999999998, -27.854166666666643, -27.895833333333314, -27.93749999999998, -27.979166666666643, -28.020833333333314, -28.06249999999998, -28.104166666666643, -28.145833333333314, -28.18749999999998, -28.229166666666643, -28.270833333333314, -28.31249999999998, -28.354166666666643, -28.395833333333314, -28.43749999999998, -28.479166666666643, -28.520833333333314, -28.56249999999998, -28.604166666666643, -28.645833333333314, -28.68749999999998, -28.729166666666643, -28.770833333333314, -28.81249999999998, -28.854166666666643, -28.895833333333314, -28.93749999999998, -28.979166666666643, -29.020833333333314, -29.06249999999998, -29.104166666666643, -29.145833333333314, -29.18749999999998, -29.229166666666643, -29.270833333333314, -29.31249999999998, -29.354166666666643, -29.395833333333314, -29.43749999999998, -29.479166666666643, -29.520833333333314, -29.56249999999998, -29.604166666666643, -29.645833333333314, -29.68749999999998, -29.729166666666643, -29.770833333333314, -29.81249999999998, -29.854166666666643, -29.895833333333314, -29.93749999999998, -29.979166666666643, -30.020833333333314, -30.06249999999998, -30.104166666666643, -30.145833333333314, -30.18749999999998, -30.229166666666643, -30.270833333333314, -30.31249999999998, -30.354166666666643, -30.395833333333314, -30.43749999999998, -30.479166666666643, -30.520833333333314, -30.56249999999998, -30.604166666666643, -30.645833333333314, -30.68749999999998, -30.729166666666643, -30.770833333333314, -30.81249999999998, -30.854166666666643, -30.895833333333314, -30.93749999999998, -30.979166666666643, -31.020833333333314, -31.06249999999998, -31.104166666666643, -31.145833333333314, -31.18749999999998, -31.229166666666643, -31.270833333333314, -31.31249999999998, -31.354166666666643, -31.395833333333314, -31.43749999999998, -31.479166666666643, -31.520833333333314, -31.56249999999998, -31.604166666666643, -31.645833333333314, -31.68749999999998, -31.729166666666643, -31.770833333333314, -31.81249999999998, -31.854166666666643, -31.895833333333314, -31.93749999999998, -31.979166666666643, -32.020833333333314, -32.06249999999998, -32.10416666666664, -32.145833333333314, -32.18749999999998, -32.22916666666664, -32.270833333333314, -32.31249999999998, -32.35416666666664, -32.395833333333314, -32.43749999999998, -32.47916666666664, -32.520833333333314, -32.56249999999998, -32.60416666666664, -32.645833333333314, -32.68749999999998, -32.72916666666664, -32.770833333333314, -32.81249999999998, -32.85416666666664, -32.895833333333314, -32.93749999999998, -32.97916666666664, -33.020833333333314, -33.06249999999998, -33.10416666666664, -33.145833333333314, -33.18749999999998, -33.22916666666664, -33.270833333333314, -33.31249999999998, -33.35416666666664, -33.395833333333314, -33.43749999999998, -33.47916666666664, -33.520833333333314, -33.56249999999998, -33.60416666666664, -33.645833333333314, -33.68749999999998, -33.72916666666664, -33.770833333333314, -33.81249999999998, -33.85416666666664, -33.895833333333314, -33.93749999999998, -33.97916666666664, -34.020833333333314, -34.06249999999998, -34.10416666666664, -34.145833333333314, -34.18749999999998, -34.22916666666664, -34.270833333333314, -34.31249999999998, -34.35416666666664, -34.395833333333314, -34.43749999999998, -34.47916666666664, -34.520833333333314, -34.56249999999998, -34.60416666666664, -34.645833333333314, -34.68749999999998, -34.72916666666664, -34.770833333333314, -34.81249999999998, -34.85416666666664, -34.895833333333314, -34.93749999999998, -34.97916666666664, -35.020833333333314, -35.06249999999998, -35.10416666666664, -35.145833333333314, -35.18749999999998, -35.22916666666664, -35.270833333333314, -35.31249999999998, -35.35416666666664, -35.395833333333314, -35.43749999999998, -35.47916666666664, -35.520833333333314, -35.56249999999998, -35.60416666666664, -35.645833333333314, -35.68749999999998, -35.72916666666664, -35.770833333333314, -35.81249999999998, -35.85416666666664, -35.895833333333314, -35.93749999999998, -35.97916666666664, -36.020833333333314, -36.06249999999998, -36.10416666666664, -36.145833333333314, -36.18749999999998, -36.22916666666664, -36.270833333333314, -36.31249999999998, -36.35416666666664, -36.395833333333314, -36.43749999999998, -36.47916666666664, -36.520833333333314, -36.56249999999998, -36.60416666666664, -36.645833333333314, -36.68749999999998, -36.72916666666664, -36.770833333333314, -36.81249999999998, -36.85416666666664, -36.895833333333314, -36.93749999999998, -36.97916666666664, -37.020833333333314, -37.06249999999998, -37.10416666666664, -37.145833333333314, -37.18749999999998, -37.22916666666664, -37.270833333333314, -37.31249999999998, -37.35416666666664, -37.395833333333314, -37.43749999999998, -37.47916666666664, -37.520833333333314, -37.56249999999998, -37.60416666666664, -37.645833333333314, -37.68749999999998, -37.72916666666664, -37.770833333333314, -37.81249999999998, -37.85416666666664, -37.895833333333314, -37.93749999999998, -37.97916666666664, -38.020833333333314, -38.06249999999998, -38.10416666666664, -38.145833333333314, -38.18749999999998, -38.22916666666664, -38.270833333333314, -38.31249999999998, -38.35416666666664, -38.395833333333314, -38.43749999999998, -38.47916666666664, -38.520833333333314, -38.56249999999998, -38.60416666666664, -38.645833333333314, -38.68749999999998, -38.72916666666664, -38.770833333333314, -38.81249999999998, -38.85416666666664, -38.895833333333314, -38.93749999999998, -38.97916666666664, -39.020833333333314, -39.06249999999998, -39.10416666666664, -39.145833333333314, -39.18749999999998, -39.22916666666664, -39.270833333333314, -39.31249999999998, -39.35416666666664, -39.395833333333314, -39.43749999999998, -39.47916666666664, -39.520833333333314, -39.56249999999998, -39.60416666666664, -39.645833333333314, -39.68749999999998, -39.72916666666664, -39.770833333333314, -39.81249999999998, -39.85416666666664, -39.895833333333314, -39.93749999999998, -39.97916666666664, -40.020833333333314, -40.06249999999998, -40.10416666666664, -40.145833333333314, -40.18749999999998, -40.22916666666664, -40.270833333333314, -40.31249999999998, -40.35416666666664, -40.395833333333314, -40.43749999999998, -40.47916666666664, -40.520833333333314, -40.56249999999998, -40.60416666666664, -40.645833333333314, -40.68749999999998, -40.72916666666664, -40.770833333333314, -40.81249999999998, -40.85416666666664, -40.895833333333314, -40.93749999999998, -40.97916666666664, -41.020833333333314, -41.06249999999998, -41.10416666666664, -41.145833333333314, -41.18749999999998, -41.22916666666664, -41.270833333333314, -41.31249999999998, -41.35416666666664, -41.395833333333314, -41.43749999999998, -41.47916666666664, -41.520833333333314, -41.56249999999998, -41.60416666666664, -41.645833333333314, -41.68749999999998, -41.72916666666664, -41.770833333333314, -41.81249999999998, -41.85416666666664, -41.895833333333314, -41.93749999999998, -41.97916666666664, -42.020833333333314, -42.06249999999998, -42.10416666666664, -42.145833333333314, -42.18749999999998, -42.22916666666664, -42.270833333333314, -42.31249999999998, -42.35416666666664, -42.395833333333314, -42.43749999999998, -42.47916666666664, -42.520833333333314, -42.56249999999998, -42.60416666666664, -42.645833333333314, -42.68749999999998, -42.72916666666664, -42.770833333333314, -42.81249999999998, -42.85416666666664, -42.895833333333314, -42.93749999999998, -42.97916666666664, -43.020833333333314, -43.06249999999998, -43.10416666666664, -43.145833333333314, -43.18749999999998, -43.22916666666664, -43.270833333333314, -43.31249999999998, -43.35416666666664, -43.395833333333314, -43.43749999999998, -43.47916666666664, -43.520833333333314, -43.56249999999998, -43.60416666666664, -43.645833333333314, -43.68749999999998, -43.72916666666664, -43.770833333333314, -43.81249999999998, -43.85416666666664, -43.895833333333314, -43.93749999999998, -43.97916666666664, -44.020833333333314, -44.06249999999998, -44.10416666666664, -44.145833333333314, -44.18749999999998, -44.22916666666664, -44.270833333333314, -44.31249999999998, -44.35416666666664, -44.395833333333314, -44.43749999999998, -44.47916666666664, -44.520833333333314, -44.56249999999998, -44.60416666666664, -44.645833333333314, -44.68749999999998, -44.72916666666664, -44.770833333333314, -44.81249999999998, -44.85416666666664, -44.895833333333314, -44.93749999999998, -44.97916666666664, -45.020833333333314, -45.06249999999998, -45.10416666666664, -45.145833333333314, -45.18749999999998, -45.22916666666664, -45.270833333333314, -45.31249999999998, -45.35416666666664, -45.395833333333314, -45.43749999999998, -45.47916666666664, -45.520833333333314, -45.56249999999998, -45.60416666666664, -45.645833333333314, -45.68749999999998, -45.72916666666664, -45.770833333333314, -45.81249999999998, -45.85416666666664, -45.895833333333314, -45.93749999999998, -45.97916666666664, -46.020833333333314, -46.06249999999998, -46.10416666666664, -46.145833333333314, -46.18749999999998, -46.22916666666664, -46.270833333333314, -46.31249999999998, -46.35416666666664, -46.395833333333314, -46.43749999999998, -46.47916666666664, -46.520833333333314, -46.56249999999998, -46.60416666666664, -46.645833333333314, -46.68749999999998, -46.72916666666664, -46.770833333333314, -46.81249999999998, -46.85416666666664, -46.895833333333314, -46.93749999999998, -46.97916666666664, -47.020833333333314, -47.06249999999998, -47.10416666666664, -47.145833333333314, -47.18749999999998, -47.22916666666664, -47.270833333333314, -47.31249999999998, -47.35416666666664, -47.395833333333314, -47.43749999999998, -47.47916666666664, -47.520833333333314, -47.56249999999998, -47.60416666666664, -47.645833333333314, -47.68749999999998, -47.72916666666664, -47.770833333333314, -47.81249999999998, -47.85416666666664, -47.895833333333314, -47.93749999999998, -47.97916666666664, -48.020833333333314, -48.06249999999998, -48.10416666666664, -48.145833333333314, -48.18749999999998, -48.22916666666664, -48.270833333333314, -48.31249999999998, -48.35416666666664, -48.395833333333314, -48.43749999999998, -48.47916666666664, -48.520833333333314, -48.56249999999998, -48.60416666666664, -48.645833333333314, -48.68749999999998, -48.72916666666664, -48.770833333333314, -48.81249999999998, -48.85416666666664, -48.895833333333314, -48.93749999999998, -48.97916666666664, -49.020833333333314, -49.06249999999998, -49.10416666666664, -49.145833333333314, -49.18749999999998, -49.22916666666664, -49.270833333333314, -49.31249999999998, -49.35416666666664, -49.395833333333314, -49.43749999999998, -49.47916666666664, -49.520833333333314, -49.56249999999998, -49.60416666666664, -49.645833333333314, -49.68749999999998, -49.72916666666664, -49.770833333333314, -49.81249999999998, -49.85416666666664, -49.895833333333314, -49.93749999999998, -49.97916666666664, -50.020833333333314, -50.06249999999998, -50.10416666666664, -50.145833333333314, -50.18749999999998, -50.22916666666664, -50.270833333333314, -50.31249999999998, -50.35416666666664, -50.395833333333314, -50.43749999999998, -50.47916666666664, -50.520833333333314, -50.56249999999998, -50.60416666666664, -50.645833333333314, -50.68749999999998, -50.72916666666664, -50.770833333333314, -50.81249999999998, -50.85416666666664, -50.895833333333314, -50.93749999999998, -50.97916666666664, -51.020833333333314, -51.06249999999998, -51.10416666666664, -51.145833333333314, -51.18749999999998, -51.22916666666664, -51.270833333333314, -51.31249999999998, -51.35416666666664, -51.395833333333314, -51.43749999999998, -51.47916666666664, -51.520833333333314, -51.56249999999998, -51.60416666666664, -51.645833333333314, -51.68749999999998, -51.72916666666664, -51.770833333333314, -51.81249999999998, -51.85416666666664, -51.895833333333314, -51.93749999999998, -51.97916666666664, -52.020833333333314, -52.06249999999998, -52.10416666666664, -52.145833333333314, -52.18749999999998, -52.22916666666664, -52.270833333333314, -52.31249999999998, -52.35416666666664, -52.395833333333314, -52.43749999999998, -52.47916666666664, -52.520833333333314, -52.56249999999998, -52.60416666666664, -52.645833333333314, -52.68749999999998, -52.72916666666664, -52.770833333333314, -52.81249999999998, -52.85416666666664, -52.895833333333314, -52.93749999999998, -52.97916666666664, -53.020833333333314, -53.06249999999998, -53.10416666666664, -53.145833333333314, -53.18749999999998, -53.22916666666664, -53.270833333333314, -53.31249999999998, -53.35416666666664, -53.395833333333314, -53.43749999999998, -53.47916666666664, -53.520833333333314, -53.56249999999998, -53.60416666666664, -53.645833333333314, -53.68749999999998, -53.72916666666664, -53.770833333333314, -53.81249999999998, -53.85416666666664, -53.895833333333314, -53.93749999999998, -53.97916666666664, -54.020833333333314, -54.06249999999998, -54.10416666666664, -54.145833333333314, -54.18749999999998, -54.22916666666664, -54.270833333333314, -54.31249999999998, -54.35416666666664, -54.395833333333314, -54.43749999999998, -54.47916666666664, -54.520833333333314, -54.56249999999998, -54.60416666666664, -54.645833333333314, -54.68749999999998, -54.72916666666664, -54.770833333333314, -54.81249999999998, -54.85416666666664, -54.895833333333314, -54.93749999999998, -54.97916666666664, -55.020833333333314, -55.06249999999998, -55.10416666666664, -55.145833333333314, -55.18749999999998, -55.22916666666664, -55.270833333333314, -55.31249999999998, -55.35416666666664, -55.395833333333314, -55.43749999999998, -55.47916666666664, -55.520833333333314, -55.56249999999998, -55.60416666666664, -55.645833333333314, -55.68749999999998, -55.72916666666664, -55.770833333333314, -55.81249999999998, -55.85416666666664, -55.895833333333314, -55.93749999999998, -55.97916666666664, -56.020833333333314, -56.06249999999998, -56.10416666666664, -56.145833333333314, -56.18749999999998, -56.22916666666664, -56.270833333333314, -56.31249999999998, -56.35416666666664, -56.395833333333314, -56.43749999999998, -56.47916666666664, -56.520833333333314, -56.56249999999998, -56.60416666666664, -56.645833333333314, -56.68749999999998, -56.72916666666664, -56.770833333333314, -56.81249999999998, -56.85416666666664, -56.895833333333314, -56.93749999999998, -56.97916666666664, -57.020833333333314, -57.06249999999998, -57.10416666666664, -57.145833333333314, -57.18749999999998, -57.22916666666664, -57.270833333333314, -57.31249999999998, -57.35416666666664, -57.395833333333314, -57.43749999999998, -57.47916666666664, -57.520833333333314, -57.56249999999998, -57.60416666666664, -57.645833333333314, -57.68749999999998, -57.72916666666664, -57.770833333333314, -57.81249999999998, -57.85416666666664, -57.895833333333314, -57.93749999999998, -57.97916666666664, -58.020833333333314, -58.06249999999998, -58.10416666666664, -58.145833333333314, -58.18749999999998, -58.22916666666664, -58.270833333333314, -58.31249999999998, -58.35416666666664, -58.395833333333314, -58.43749999999998, -58.47916666666664, -58.520833333333314, -58.56249999999998, -58.60416666666664, -58.645833333333314, -58.68749999999998, -58.72916666666664, -58.770833333333314, -58.81249999999Error {
    code = 500;
    message = "null";
};